Activity,total_attacks,fatal_count,provoked_count,unprovoked_count,fatal_rate,prov_rate
.,3,1.0,0,3,0.3333333333333333,0.0
12 of the penang's crew were returning to the ship when their 12' dinghy capsized,1,0.0,0,1,0.0,0.0
13 men in the water after sailboat capsized & sank,1,1.0,1,0,1.0,1.0
14 m prawn trawler new venture capsized  & sank in heavy seas three people in the water,1,0.0,0,1,0.0,0.0
"1446-ton norwegian barque errol, bound from peru to newcastle with 22 on board wrecked. survivors shelterd on the wreck of the annasona. subsequently the master, his wife & 4 children perished along with several crew. survivors (5) were rescued 7/12/1909",1,1.0,0,1,1.0,0.0
"16' catamaran capsized previous night, occupants stayed with wreckage until morning, then attempted to swim ashore",1,1.0,1,0,1.0,1.0
17 maldivians adrift in open boat for 31 days,1,1.0,0,1,1.0,0.0
2 boats capsized,1,1.0,0,1,1.0,0.0
"2 messboys (jeppsen) & tony latona (13) were playing on the afterdeck of the danish ship grete maersk. jeppsen fell overboard, latona threw a lifebelt then jumped in to help him. ship didn’t notice they were missing",1,0.0,1,0,0.0,1.0
25-foot cabin cruiser happy jack sank in heavy seas,1,1.0,0,1,1.0,0.0
3 men & 2 boys picked up wearing life jackets and with inner tube,1,0.0,1,0,0.0,1.0
"3,909-ton panamanian freighter chieh lee sank in a typhoon",1,1.0,0,1,1.0,0.0
3-masted steel barque glenbank foundered during a cyclone,1,0.0,0,1,0.0,0.0
3.3 m fishing boat sank. treveluwe & peter hodgson (wearing lifejackets) were drifting in the current,1,0.0,0,1,0.0,0.0
40' fishing boat sank,1,0.0,0,1,0.0,0.0
43-ton schooner irene capsized & sank,1,1.0,0,1,1.0,0.0
63' fishing boat sno' bay foundered,1,1.0,0,1,1.0,0.0
"90 european civilians, many women & children, were placed on the deck of a japanese submarine that submerged when it was well offshore",1,1.0,0,1,1.0,0.0
a 210-ton brig was sunk by a japanese submarine. some of the survivors were machine-gunned & some were taken by sharks,1,1.0,0,1,1.0,0.0
"a 75-ton  japanese fishing ship was sunk by  chinese nationalist gunboat, shipwrecked men were clinging to debris",1,1.0,0,1,1.0,0.0
a barque wrecked,1,1.0,1,0,1.0,1.0
a canoe was pursuing a schooner that had forcibily abducted 5 young girls,1,1.0,1,0,1.0,1.0
a corsair's boat was overturned,1,1.0,1,0,1.0,1.0
a father bathing his smallest daughter when the shark bumped her out of his arms and carried her into deep water,1,1.0,1,0,1.0,1.0
a junk foundered,1,1.0,0,1,1.0,0.0
abalone diving,1,0.0,1,0,0.0,1.0
abalone diving using hookah (near calving whales),1,1.0,1,0,1.0,1.0
abalone diving using hookah (resting on the surface),1,0.0,1,0,0.0,1.0
abandoning burning ship captain george in raging seas,1,0.0,0,1,0.0,0.0
abandoning burning steamship don juan,1,1.0,0,1,1.0,0.0
accidentally dragged overboard from the sampan holokahana into school of yellowfin tuna,1,0.0,1,0,0.0,1.0
accidentally stood on hooked shark's tail before attempting to gut it,1,0.0,1,0,0.0,1.0
accidentally thrown overboard & treading water while awaiting rescue,1,1.0,1,0,1.0,1.0
adrift after ditching plane in the sea,1,0.0,1,0,0.0,1.0
adrift after the sinking of the motor yacht princess dianne,1,1.0,0,1,1.0,0.0
adrift after wave swamped engine,1,0.0,0,1,0.0,0.0
adrift in a life jacket,1,0.0,1,0,0.0,1.0
adrift on a 4'  raft for 32 days,1,1.0,0,1,1.0,0.0
adrift on a raft,1,0.0,0,1,0.0,0.0
adrift on life raft,1,1.0,0,1,1.0,0.0
adrift on raft,1,1.0,0,1,1.0,0.0
adrift on raft after their ship was sunk by an axis raider,1,1.0,0,1,1.0,0.0
adrift on refugee raft,1,1.0,0,1,1.0,0.0
"adrift, hanging onto cushion, after his 17' skiff ran out of gas & capsized 3 miles from shore",1,0.0,0,1,0.0,0.0
"after rowing skiff was holed by shark, he was attempting to swim ashore",1,1.0,0,1,1.0,0.0
air disaster,4,2.0,0,4,0.5,0.0
"air disaster - piper aircraft crashed into the sea, killing all on board",1,1.0,0,1,1.0,0.0
air disaster. flash airlines boeing 737 crashed into the red sea,1,1.0,0,1,1.0,0.0
air disaster: crash of air france super constellation,1,1.0,0,1,1.0,0.0
air/sea disaster,1,1.0,0,1,1.0,0.0
air/sea disaster involving c-54 air force transport no. 2686 with 37 on board,1,1.0,0,1,1.0,0.0
air/sea disaster pan-american airlines stratocruiser with 44 people onboard crashed into the sea,1,0.0,0,1,0.0,0.0
aircaft exploded,1,0.0,0,1,0.0,0.0
aircraft crashed into sea,2,0.0,0,2,0.0,0.0
aircraft exploded,1,0.0,0,1,0.0,0.0
american cruiser indianapolis torpedoed & sunk by the japanese submarine i-58,1,1.0,0,1,1.0,0.0
"american freighter mormackite, bound from buenos aires for baltimore, capsized & sank in heavy seas",1,1.0,0,1,1.0,0.0
american minesweeper uss yms-350 lost in a typhoon - swimming to shore,1,1.0,0,1,1.0,0.0
american minesweeper uss yms-472 foundered in a typhoon - swimming to shore,1,0.0,0,1,0.0,0.0
american schooner orator capsized,1,1.0,0,1,1.0,0.0
among 31 survivors of crew from the sampan fukulya maru (which reached thursday island in rowing boat) was a man whose arm had been bitten off by shark. the sampan wrecked west of mcarthur island,1,0.0,1,0,0.0,1.0
angling,1,0.0,1,0,0.0,1.0
"anti-aircraft cruiser uss atlanta (cl,-05) travelling in convoy after the battle of midway, encountered a japanese flotilla  (battle of guadalcanal) &, heavily damaged by gunfire, she was lost off lunga point. victim was swimming when bitten.",1,0.0,0,1,0.0,0.0
anti-sabotage night dive exercise alongside destroyer (scuba diving),1,0.0,0,1,0.0,0.0
argentine air force c-54,1,0.0,0,1,0.0,0.0
"arsinoe, a french tanker",1,0.0,0,1,0.0,0.0
attaching a line at sea,1,0.0,0,1,0.0,0.0
attacked shark with fists,1,0.0,1,0,0.0,1.0
attempted to return injured shark to the sea,1,0.0,1,0,0.0,1.0
attempting to anesthetize shark,1,0.0,1,0,0.0,1.0
attempting to attract dolphins,1,0.0,1,0,0.0,1.0
attempting to catch a crocodile,1,0.0,0,1,0.0,0.0
attempting to chase shark out to sea,1,0.0,0,1,0.0,0.0
attempting to drag hooked shark ashore by its tail,1,0.0,1,0,0.0,1.0
attempting to drive shark away from sailing regatta,1,0.0,1,0,0.0,1.0
attempting to drive shark away from the beach,1,0.0,0,1,0.0,0.0
attempting to escape by swimming to shore,1,1.0,1,0,1.0,1.0
attempting to fix motor,1,0.0,1,0,0.0,1.0
attempting to free the shark,1,0.0,1,0,0.0,1.0
attempting to illegally enter the usa,1,0.0,0,1,0.0,0.0
attempting to kill a shark with explosives,2,2.0,2,0,1.0,1.0
attempting to kite surf from egypt to saudi arabia,1,0.0,0,1,0.0,0.0
attempting to land a boat from the hinemoa,1,0.0,0,1,0.0,0.0
attempting to lasso a shark,1,0.0,1,0,0.0,1.0
attempting to lasso shark's tail,1,0.0,1,0,0.0,1.0
attempting to net shark in shark channel,1,0.0,1,0,0.0,1.0
attempting to remove fishing net from submerged object,1,0.0,1,0,0.0,1.0
attempting to rescue a shark,1,0.0,1,0,0.0,1.0
attempting to rescue an injured & beached shark,1,0.0,1,0,0.0,1.0
attempting to rescue crew after whale upset their boat,1,1.0,1,0,1.0,1.0
attempting to rescue drowning man,1,0.0,1,0,0.0,1.0
attempting to rescue shipmate,1,0.0,1,0,0.0,1.0
attempting to rescue woman seized by shark,1,1.0,1,0,1.0,1.0
attempting to retreive a dinghy,1,1.0,1,0,1.0,1.0
attempting to ride a shark,1,0.0,1,0,0.0,1.0
attempting to set underwater endurance record,1,0.0,1,0,0.0,1.0
attempting to swim across the atlantic ocean,1,0.0,0,1,0.0,0.0
b-24 aircraft crashed  into the sea,1,1.0,0,1,1.0,0.0
b-24 crashed during a search mission. survivors in raft for 47 days,1,0.0,0,1,0.0,0.0
baiting sharks,1,0.0,1,0,0.0,1.0
bather,1,0.0,0,1,0.0,0.0
bathing,160,68.0,148,12,0.425,0.925
bathing / standing,1,0.0,1,0,0.0,1.0
bathing alongside ship,1,1.0,1,0,1.0,1.0
bathing alongside the american ship thomas w. sears,1,1.0,1,0,1.0,1.0
bathing alongside us naval ship,1,0.0,1,0,0.0,1.0
bathing close inshore,1,0.0,1,0,0.0,1.0
bathing in 2 feet of water,1,1.0,1,0,1.0,1.0
bathing in 3' to 4' of water,1,1.0,1,0,1.0,1.0
bathing in 5' of water,1,0.0,1,0,0.0,1.0
bathing in knee-deep water,1,1.0,1,0,1.0,1.0
bathing in river,2,1.0,2,0,0.5,1.0
bathing in waist-deep water,1,0.0,1,0,0.0,1.0
bathing in water 0.9 m deep,1,1.0,1,0,1.0,1.0
"bathing near whaling ship (bark a. r. tucker of new bedford, massachusetts)",1,1.0,1,0,1.0,1.0
bathing or body surfing,1,0.0,1,0,0.0,1.0
bathing or washing,1,1.0,1,0,1.0,1.0
bathing with her mother,1,0.0,1,0,0.0,1.0
bathing with sister,1,1.0,1,0,1.0,1.0
bathing/swimming,1,1.0,1,0,1.0,1.0
batin,1,0.0,1,0,0.0,1.0
beach seine netting,2,0.0,2,0,0.0,1.0
being pulled to shore from wreck of 25-ton fishing vessel alan s,1,1.0,0,1,1.0,0.0
bending over,1,1.0,1,0,1.0,1.0
bitten after dhow shipwrecked,1,0.0,1,0,0.0,1.0
bitten while cutting shark from net,1,0.0,1,0,0.0,1.0
board sailing,1,0.0,1,0,0.0,1.0
boarding a ship,1,0.0,0,1,0.0,0.0
boat,5,0.0,0,5,0.0,0.0
boat accident,1,1.0,1,0,1.0,1.0
boat capsized,4,2.0,2,2,0.5,0.5
boat capsized between o'ahu & molokai,1,0.0,0,1,0.0,0.0
boat capsized during filming,1,0.0,0,1,0.0,0.0
"boat capsized, clinging to line",1,0.0,0,1,0.0,0.0
"boat capsized, swimming ashore",2,0.0,1,1,0.0,0.5
"boat capsized, swimming to shore",1,0.0,1,0,0.0,1.0
boat capsized?,1,0.0,0,1,0.0,0.0
boat exploded,1,1.0,0,1,1.0,0.0
boat from city of naples capsized,1,1.0,1,0,1.0,1.0
boat from ship josephine capsized in squall,1,1.0,0,1,1.0,0.0
boat from the austrian ship elizabeth,1,1.0,1,0,1.0,1.0
boat miss becky  sank 12 miles from shore,1,0.0,0,1,0.0,0.0
boat of a hawaiian brig was stove in by  whale,1,1.0,1,0,1.0,1.0
boat of the resolution capsized in the breakers,1,1.0,0,1,1.0,0.0
boat stopped to repair electric pump,1,0.0,0,1,0.0,0.0
boat swamped,4,4.0,3,1,1.0,0.75
boat with 46 people on board capsized,1,0.0,0,1,0.0,0.0
boat with 5 men capsized while returning to the amerique,2,1.0,0,2,0.5,0.0
"boat, with 42 passengers onboard, capsized in rough seas",1,1.0,0,1,1.0,0.0
boating,3,0.0,0,3,0.0,0.0
body boarding,70,17.0,69,1,0.24285714285714285,0.9857142857142858
body boarding or surfing,1,0.0,1,0,0.0,1.0
body found floating next to his ship,1,0.0,0,1,0.0,0.0
"body found on deserted luxury yacht, 38’ christine",1,1.0,1,0,1.0,1.0
body surfing,55,7.0,52,3,0.12727272727272726,0.9454545454545454
body surfing & treading water,1,1.0,1,0,1.0,1.0
body surfing / treading water,2,0.0,2,0,0.0,1.0
body surfing or body boarding,1,0.0,1,0,0.0,1.0
body surfing or boogie boarding,1,0.0,1,0,0.0,1.0
"body surfing, stood up on sandbar",1,0.0,1,0,0.0,1.0
body surfing?,1,0.0,1,0,0.0,1.0
body-boarding,4,1.0,4,0,0.25,1.0
body-surfing,1,0.0,1,0,0.0,1.0
bodyboarding,1,0.0,1,0,0.0,1.0
bodysurfing,1,0.0,1,0,0.0,1.0
boeing 757 enroute from porta plata plunged into the sea,1,1.0,0,1,1.0,0.0
boggie boarding,1,0.0,1,0,0.0,1.0
boogie boarding,59,4.0,52,6,0.06779661016949153,0.8813559322033898
boogie boarding / wading,1,0.0,1,0,0.0,1.0
boogie boarding or surfing,1,0.0,1,0,0.0,1.0
"boogie boarding, kicked at object in the water",1,0.0,0,1,0.0,0.0
boogie-boarding / swimming,1,0.0,1,0,0.0,1.0
bottom fishing for lingcod & had hooked a fish,1,0.0,0,1,0.0,0.0
"bringing hooked, harpooned shark onboard boat",1,0.0,1,0,0.0,1.0
british cruiser dunedin torpedoed & sunk by the u-124,1,1.0,0,1,1.0,0.0
british patrol boat 1250-ton hms  valerian foundered in a hurricane,1,0.0,0,1,0.0,0.0
british ship macedon was thrown on her beam ends by a sudden squall,1,0.0,0,1,0.0,0.0
"british ship, britannia,  was loading lumber. he was bathing",1,0.0,1,0,0.0,1.0
burning of the s.s. missouri,1,1.0,0,1,1.0,0.0
"c47 aircraft carrying 5,000 lbs of ice ditched in the sea",1,1.0,0,1,1.0,0.0
cage diving,2,0.0,0,2,0.0,0.0
canoe capsized by shark,1,0.0,1,0,0.0,1.0
"canoe capsized with 10 occupants, 8 survived,  hamilton swam off to seek help",1,1.0,0,1,1.0,0.0
canoe swamped,1,1.0,1,0,1.0,1.0
"canoe swamped, swimming back to canoe",1,0.0,1,0,0.0,1.0
canoe with 3 men onboard sank,1,1.0,0,1,1.0,0.0
canoeing,16,0.0,7,9,0.0,0.4375
capsized fishing boat,1,1.0,1,0,1.0,1.0
captured allied soldiers were squeezed into 3' bamboo pig baskets & fed to waiting sharks,1,1.0,0,1,1.0,0.0
cargo ship dara sank after collision with another ship during a severe storm,1,1.0,0,1,1.0,0.0
cargo ship el gamil entroute suez to yemen (aden) when her cargo shifted and she sank. 19 egyption sailors jumped into the water and swam for several hours before being bitten by sharks,1,1.0,0,1,1.0,0.0
cargo ship southern isle sank at 04h00,1,0.0,0,1,0.0,0.0
casting a net,1,0.0,1,0,0.0,1.0
catching a turtle,1,0.0,1,0,0.0,1.0
catching crabs,1,1.0,1,0,1.0,1.0
catching sardines,1,0.0,1,0,0.0,1.0
catching sharks under government contract,1,0.0,1,0,0.0,1.0
chasing shark out of bathing area while riding on a surf-ski,1,0.0,1,0,0.0,1.0
"checking fish traps, fell into the water",1,0.0,1,0,0.0,1.0
chumming for sharks,1,0.0,0,1,0.0,0.0
chumming for white sharks,1,0.0,1,0,0.0,1.0
clamming,4,0.0,2,2,0.0,0.5
cleaning a tank,1,0.0,1,0,0.0,1.0
cleaning fish,2,0.0,1,1,0.0,0.5
cleaning hull of ship,1,1.0,1,0,1.0,1.0
cleaning the side of a ship,1,1.0,1,0,1.0,1.0
climbing back on ship,1,1.0,1,0,1.0,1.0
climbing up to ship after repairing the stern in water,1,1.0,1,0,1.0,1.0
clinging to overturned rowing boat,1,1.0,1,0,1.0,1.0
clinging to shipwrecked junk,1,0.0,1,0,0.0,1.0
closed circuit diving (submerged). diving to recover jettisoned packets of opium for police,1,1.0,1,0,1.0,1.0
collecting aquarium specimens,1,0.0,1,0,0.0,1.0
collecting beche-de-mer,1,0.0,1,0,0.0,1.0
collecting crayfish,1,0.0,1,0,0.0,1.0
collecting dynamited fish,1,0.0,1,0,0.0,1.0
collecting fish by lamplight in gully,1,0.0,1,0,0.0,1.0
collecting fish from net,1,0.0,1,0,0.0,1.0
collecting fish in military trap when bitten by captured shark that had been shot by soldiers with garten,1,0.0,1,0,0.0,1.0
collecting marine specimens,1,0.0,1,0,0.0,1.0
collecting ornamental fish,1,0.0,1,0,0.0,1.0
collecting shells,2,0.0,2,0,0.0,1.0
colombian  (avianca) dc-4 airliner plunged into the sea 5 minutes after takeoff,1,1.0,0,1,1.0,0.0
columbian petrol barge rio atrato burned and sank,1,1.0,0,1,1.0,0.0
coming ashore on a hawser,1,1.0,1,0,1.0,1.0
commercial diver (submerged or treading water),1,1.0,1,0,1.0,1.0
"commercial fishing vessel, ev-nn, struck object & sank. ken crosby and  jame & ann dumas adrift on makeshift raft.",1,0.0,0,1,0.0,0.0
commercial salvage diving,1,0.0,1,0,0.0,1.0
commercial spearfishing,1,0.0,1,0,0.0,1.0
competing in a light tackle game fishing,1,0.0,0,1,0.0,0.0
competing in spearfishing championship & towing dead fish,1,0.0,1,0,0.0,1.0
competing in the woodvale atlantic rowing race,3,0.0,0,3,0.0,0.0
"competing in u/w endurance record, standing beside drum in 10' of water",1,0.0,1,0,0.0,1.0
conch diver,1,0.0,1,0,0.0,1.0
conducting a promotional film project for the gemini space program (a practice astronaut recovery),1,1.0,0,1,1.0,0.0
conducting research,1,0.0,1,0,0.0,1.0
copra vessel with 19 on board was wrecked in a squall,1,0.0,0,1,0.0,0.0
crabbing,3,0.0,2,1,0.0,0.6666666666666666
crabbing (spearing crabs),1,0.0,1,0,0.0,1.0
crawling,1,0.0,0,1,0.0,0.0
crayfishing,3,0.0,1,2,0.0,0.3333333333333333
"crossing inlet in a boat, seen fighting sharks with his oar, sharks smashed boat",1,1.0,1,0,1.0,1.0
crossing the bay at the ford,1,1.0,1,0,1.0,1.0
crossing the river,1,1.0,1,0,1.0,1.0
crossing the river mouth,1,1.0,1,0,1.0,1.0
crouching in 2' of water,1,0.0,1,0,0.0,1.0
crouching in the water,1,0.0,1,0,0.0,1.0
cruising,2,0.0,1,1,0.0,0.5
cutter capsized,1,0.0,0,1,0.0,0.0
dangling feet in the water,5,1.0,5,0,0.2,1.0
"days before the surrender of singapore, the 3 men escaped to sumatra where they acquired a 17' dinghy. after 125 days at sea they drifted back to sumatra",1,0.0,0,1,0.0,0.0
defecating in water beneath the docks,1,1.0,1,0,1.0,1.0
deserting the bark nazarene,1,0.0,1,0,0.0,1.0
"disappeared 11 days earlier, probable homicide victim",1,0.0,0,1,0.0,0.0
dismantling cable buoys of the cable ship all america,1,0.0,0,1,0.0,0.0
"ditched aircraft, 3 men in the water. swam for 31 hours",1,1.0,0,1,1.0,0.0
ditched plane in the sea & were adrift on a rubber life raft.,1,0.0,0,1,0.0,0.0
dived for a coin,2,2.0,2,0,1.0,1.0
dived from dinghy to retrieve oar in heavy seas,1,1.0,1,0,1.0,1.0
dived from inner-tube,1,0.0,1,0,0.0,1.0
dived into a school of baitfish,1,1.0,1,0,1.0,1.0
dived into sea from launch & bitten immediately,1,1.0,1,0,1.0,1.0
dived into the water,1,0.0,1,0,0.0,1.0
dived naked into the water on a bet,1,0.0,1,0,0.0,1.0
dived onto shark from floating stage,1,1.0,1,0,1.0,1.0
dived overboard & was swimming near stern of trawler,1,1.0,1,0,1.0,1.0
dived overboard to check propeller of us navy motor torpedo boat,1,1.0,1,0,1.0,1.0
dived overboard to retrieve dinghy,1,1.0,1,0,1.0,1.0
diving,133,18.0,118,15,0.13533834586466165,0.8872180451127819
diving & fishing with net,1,0.0,1,0,0.0,1.0
diving & force-feeding the shark,1,0.0,1,0,0.0,1.0
diving (helmet) for sponges,1,1.0,1,0,1.0,1.0
diving (hookah),1,0.0,1,0,0.0,1.0
diving (shell maintenance),1,0.0,1,0,0.0,1.0
diving / filming,2,0.0,2,0,0.0,1.0
diving / fishing,1,0.0,1,0,0.0,1.0
diving / kissing the shark,1,0.0,1,0,0.0,1.0
diving / uw photography,1,0.0,0,1,0.0,0.0
diving alongsidethe steamship ranelagh,1,0.0,1,0,0.0,1.0
diving around anchored liner,2,0.0,1,1,0.0,0.5
diving by wharf,1,1.0,1,0,1.0,1.0
diving for abalone,8,3.0,8,0,0.375,1.0
diving for abalone (hookah),3,0.0,3,0,0.0,1.0
"diving for abalone (hookah, submerged)",1,0.0,1,0,0.0,1.0
diving for abalone (scuba),1,1.0,1,0,1.0,1.0
"diving for abaone (scuba, but at surface)",1,0.0,1,0,0.0,1.0
diving for beche-de-mer,4,3.0,4,0,0.75,1.0
diving for beche-de-mer from lugger,1,1.0,1,0,1.0,1.0
diving for coins,4,3.0,4,0,0.75,1.0
diving for coins thrown from ship s.s. moeraki,1,1.0,1,0,1.0,1.0
diving for coins tossed from passenger ship,1,0.0,1,0,0.0,1.0
diving for crayfish,3,0.0,3,0,0.0,1.0
diving for lobsters,2,0.0,0,2,0.0,0.0
diving for pearl,1,0.0,1,0,0.0,1.0
diving for pearl shell,1,0.0,1,0,0.0,1.0
diving for pearls,1,0.0,1,0,0.0,1.0
diving for pen shells,1,0.0,1,0,0.0,1.0
diving for sand dollars,1,0.0,1,0,0.0,1.0
diving for sea urchins,1,0.0,1,0,0.0,1.0
"diving for shells, saw shark circling wife near the surface, intercepted shark & it pulled him beneath the water",1,1.0,1,0,1.0,1.0
diving for sinkers,1,0.0,1,0,0.0,1.0
diving for sponges,3,1.0,2,1,0.3333333333333333,0.6666666666666666
diving for trepang,1,0.0,1,0,0.0,1.0
diving for trochus,8,2.0,8,0,0.25,1.0
diving for trochus  from dinghy when seized by shark 6' below the surface,1,0.0,1,0,0.0,1.0
"diving for trochus , but swimming on surface",1,1.0,1,0,1.0,1.0
diving for trochus from lugger,1,0.0,1,0,0.0,1.0
diving for trochus shell,2,1.0,2,0,0.5,1.0
diving from canoe,2,0.0,2,0,0.0,1.0
diving from dinghy for trochus shell,1,0.0,1,0,0.0,1.0
diving from lugger,1,0.0,1,0,0.0,1.0
"diving from the lugger san, operated by the protector of the aborigines",1,0.0,1,0,0.0,1.0
diving in aquarium display tank,1,0.0,1,0,0.0,1.0
diving in shark tank,1,0.0,1,0,0.0,1.0
diving in sharkey's reef restaurant’s aquarium,1,0.0,1,0,0.0,1.0
diving in tuna net,1,1.0,1,0,1.0,1.0
diving into water,2,2.0,2,0,1.0,1.0
diving off jetty,2,0.0,1,1,0.0,0.5
diving off pier & treading water,1,1.0,1,0,1.0,1.0
diving off wharf,1,1.0,1,0,1.0,1.0
diving on a wreck,1,0.0,0,1,0.0,0.0
diving to untangle a crab trap line from boat's propeller,1,0.0,1,0,0.0,1.0
diving with  surface-supplied air,1,1.0,1,0,1.0,1.0
"diving, attempting to retrieve body of drowning victim wedged between rocks",1,0.0,1,0,0.0,1.0
"diving, but on the surface when bitten by the shark",1,0.0,1,0,0.0,1.0
"diving, feeding sharks",1,0.0,1,0,0.0,1.0
"diving, gathering shellfish",1,0.0,1,0,0.0,1.0
"diving, photographing sharks",1,0.0,1,0,0.0,1.0
"diving, recovering fish killed by dynamite",1,1.0,1,0,1.0,1.0
"diving, repairing water main at depth of 90'",1,0.0,1,0,0.0,1.0
"diving, retrieving film package from titan 3c rocket",1,0.0,0,1,0.0,0.0
"diving, retrieving fish caught in net",1,0.0,1,0,0.0,1.0
"diving. shark “swallowed’ his hand, so he threw his other around the shark and went “shark-back riding” for 30 yards until the shark opened its jaws",1,0.0,1,0,0.0,1.0
diving/shark feeding,1,0.0,1,0,0.0,1.0
diving?,2,1.0,2,0,0.5,1.0
dog paddling or standing,1,1.0,1,0,1.0,1.0
dragging a shark,1,0.0,1,0,0.0,1.0
dragging banana seeds through the shallows,1,0.0,1,0,0.0,1.0
dragging stranded shark ashore,1,0.0,1,0,0.0,1.0
dragging stranded shark into deeper water,1,0.0,0,1,0.0,0.0
dress diving,1,1.0,1,0,1.0,1.0
"dress diving, filming shark & pulling it through the water for a motion picture scene",1,0.0,1,0,0.0,1.0
drift fishing,1,0.0,0,1,0.0,0.0
dropping anchor,1,0.0,0,1,0.0,0.0
dry shelling,1,1.0,1,0,1.0,1.0
"during a shark fishing tournament, the 18' boatem was capsized by waves, throwing 3 men into the water",1,0.0,1,0,0.0,1.0
during an exhibition he was tied in sack & thrown overboard,1,0.0,1,0,0.0,1.0
"dutch merchant ship zaandam torpedoed  by the u-174 amidships, sank & dozens of survivors took to rafts & boats. one man, izzi, who drifted 83 days on a raft related that sharks attacked many men in the water when the ship went down",1,1.0,0,1,1.0,0.0
dynamite fishing,1,0.0,1,0,0.0,1.0
dynamiting fish,1,1.0,1,0,1.0,1.0
ejected from f3h-2 aircraft,1,0.0,0,1,0.0,0.0
escaping from alacatraz,3,2.0,3,0,0.6666666666666666,1.0
escaping from blackbirding vessel,1,1.0,1,0,1.0,1.0
esso bolivar was torpedoed & shelled by the german submarine u-126,1,1.0,0,1,1.0,0.0
"examining netted shark, that had been shot",1,0.0,1,0,0.0,1.0
exercising his dog in the shallows,1,0.0,1,0,0.0,1.0
explosion & sinking of the uss juneau after being torpedoed by the submarine  i-85,1,1.0,0,1,1.0,0.0
"explosion destroyed 28' boat, survivors in the water",1,0.0,0,1,0.0,0.0
feeding a shark,1,0.0,1,0,0.0,1.0
feeding fish,3,0.0,3,0,0.0,1.0
feeding mullet to sharks,1,0.0,1,0,0.0,1.0
feeding prawns to captive sharks,1,0.0,1,0,0.0,1.0
feeding sharks,5,0.0,5,0,0.0,1.0
feeding sharks & stingrays,1,0.0,1,0,0.0,1.0
feeding stingrays?,1,0.0,0,1,0.0,0.0
feeling the shark’s teeth,1,0.0,1,0,0.0,1.0
fell from cliff while fishing & disappeared in strong current,1,0.0,0,1,0.0,0.0
fell from his father's back into the water,1,1.0,1,0,1.0,1.0
fell from the jetty,1,1.0,1,0,1.0,1.0
fell from wharf into water & attacked immediately,1,1.0,1,0,1.0,1.0
fell from yardarm of british ship rover,1,1.0,1,0,1.0,1.0
fell into the water,8,6.0,8,0,0.75,1.0
fell into water while attempting to boat a swordfish,1,0.0,1,0,0.0,1.0
fell off aircraft carrier,1,0.0,1,0,0.0,1.0
fell off banana boat,1,0.0,1,0,0.0,1.0
fell off fishing boat,1,0.0,1,0,0.0,1.0
fell off surf ski,1,0.0,1,0,0.0,1.0
fell off surfboard 20' from shore,1,0.0,1,0,0.0,1.0
fell onto dead shark,1,0.0,1,0,0.0,1.0
fell or jumped overboard from the liner rhynland,1,1.0,1,0,1.0,1.0
fell oveboard,1,1.0,1,0,1.0,1.0
fell oveboard from steamer wanderer,1,1.0,1,0,1.0,1.0
fell overboard,32,26.0,29,3,0.8125,0.90625
fell overboard  from the taiwanese fishing trawler lien cheng feu,1,0.0,0,1,0.0,0.0
fell overboard & rescuer,1,1.0,1,0,1.0,1.0
fell overboard & swimming,1,1.0,1,0,1.0,1.0
fell overboard from fishing schooner halycon,1,1.0,1,0,1.0,1.0
fell overboard from p&o steamship arabia,1,1.0,1,0,1.0,1.0
fell overboard from sponge vessel,1,1.0,1,0,1.0,1.0
fell overboard from ss ripley castle,1,0.0,1,0,0.0,1.0
fell overboard from steamship rio grande,1,1.0,1,0,1.0,1.0
fell overboard from the malacca,1,1.0,1,0,1.0,1.0
fell overboard from the selim,1,1.0,1,0,1.0,1.0
fell overboard from the ship gem,1,1.0,1,0,1.0,1.0
fell overboard from the sobella,1,1.0,1,0,1.0,1.0
fell overboard from the steamship chala,1,1.0,1,0,1.0,1.0
fell overboard from us navy pc boat,1,1.0,1,0,1.0,1.0
fell overboard from uss cruiser tacoma,1,1.0,1,0,1.0,1.0
fell overboard from uss ward,1,1.0,1,0,1.0,1.0
fell overboard while fishing for sharks,1,0.0,1,0,0.0,1.0
"fell overboard, hanging onto lifebuoy",1,1.0,1,0,1.0,1.0
"fell overboard, prop slashed arm",1,0.0,0,1,0.0,0.0
fell overboard?,1,1.0,1,0,1.0,1.0
ferry boat dona paz with 4431 passengers exploded & caught fire when she collided with an  oil tanker,1,1.0,0,1,1.0,0.0
ferry boat sank,1,0.0,0,1,0.0,0.0
ferry capsized,1,1.0,0,1,1.0,0.0
fihing,1,0.0,1,0,0.0,1.0
filming,2,0.0,2,0,0.0,1.0
filming & feeding captive sharks,1,0.0,1,0,0.0,1.0
filming 5' blue shark,1,0.0,1,0,0.0,1.0
filming a documentary,1,0.0,0,1,0.0,0.0
"filming underwater, carrying powerhead",1,0.0,1,0,0.0,1.0
finning the shark,1,0.0,1,0,0.0,1.0
finning the shark that bit him,2,0.0,2,0,0.0,1.0
fisherman,1,0.0,0,1,0.0,0.0
fishing,487,44.0,340,146,0.09034907597535935,0.6981519507186859
fishing  (trawling),1,0.0,1,0,0.0,1.0
fishing & spearfishing,1,0.0,0,1,0.0,0.0
fishing (big game),1,0.0,1,0,0.0,1.0
fishing (drowned 2-apr-2002),1,0.0,0,1,0.0,0.0
fishing (illegally),1,0.0,1,0,0.0,1.0
fishing (rod & line),1,0.0,1,0,0.0,1.0
fishing (seining),2,0.0,2,0,0.0,1.0
fishing (trolling),1,0.0,0,1,0.0,0.0
fishing (trolling)  from canoe,1,1.0,1,0,1.0,1.0
fishing - 'tag & release',1,0.0,1,0,0.0,1.0
"fishing / cleaning fish, dived into water to retrieve a lost fish",1,1.0,1,0,1.0,1.0
fishing / diving,1,1.0,1,0,1.0,1.0
fishing / filming sharks feeding on whale carcass,1,0.0,0,1,0.0,0.0
fishing / standing in waist deep water,1,0.0,1,0,0.0,1.0
fishing / wading,1,0.0,1,0,0.0,1.0
fishing / washing bait off hands,1,0.0,1,0,0.0,1.0
fishing boat,4,1.0,1,3,0.25,0.25
fishing boat capsized,1,1.0,0,1,1.0,0.0
fishing boat exploded & sank,2,0.0,0,2,0.0,0.0
fishing boat swamped in a storm,1,1.0,0,1,1.0,0.0
fishing boat swamped in storm,1,1.0,0,1,1.0,0.0
"fishing boat with 4 men on board was rammed & capsized by  a shark, throwing all occupants into the water",1,1.0,0,1,1.0,0.0
fishing for albacore,1,0.0,1,0,0.0,1.0
fishing for blue sharks,1,0.0,1,0,0.0,1.0
fishing for bluefish,3,0.0,1,2,0.0,0.3333333333333333
"fishing for bluefish, shark leapt into dory",1,0.0,1,0,0.0,1.0
fishing for bottom fish,1,0.0,0,1,0.0,0.0
fishing for cod,2,0.0,1,1,0.0,0.5
fishing for kob,3,0.0,0,3,0.0,0.0
fishing for lobsters,2,1.0,1,1,0.5,0.5
fishing for mackerel,6,0.0,4,2,0.0,0.6666666666666666
fishing for octopus,1,1.0,1,0,1.0,1.0
fishing for perch,1,0.0,0,1,0.0,0.0
fishing for pompano,1,0.0,0,1,0.0,0.0
fishing for prawns,2,2.0,2,0,1.0,1.0
fishing for red fish,1,0.0,0,1,0.0,0.0
fishing for rock lobster,1,0.0,0,1,0.0,0.0
fishing for rock lobsters,1,0.0,0,1,0.0,0.0
fishing for sharks,11,1.0,9,2,0.09090909090909091,0.8181818181818182
fishing for sharks when he became entangled in net & fell overboard,1,0.0,0,1,0.0,0.0
fishing for shrimp,1,1.0,1,0,1.0,1.0
fishing for snapper,3,0.0,1,2,0.0,0.3333333333333333
fishing for snappers & cleaning mullet. put mullet over side of boat to wash it,1,0.0,1,0,0.0,1.0
fishing for snoek & yellowtail,1,0.0,1,0,0.0,1.0
fishing for squid,2,0.0,1,1,0.0,0.5
fishing for squid aboard the trawler shikishima-maru when the shark leapt into the boat,1,0.0,1,0,0.0,1.0
fishing for tarpon,1,0.0,0,1,0.0,0.0
fishing for the shark that killed george lundberg,1,0.0,1,0,0.0,1.0
fishing for trout,1,0.0,0,1,0.0,0.0
fishing for tuna,2,0.0,1,1,0.0,0.5
fishing for tunny,1,0.0,0,1,0.0,0.0
fishing for turtles,1,1.0,1,0,1.0,1.0
fishing for white shark,1,0.0,1,0,0.0,1.0
fishing for white sharks,1,0.0,0,1,0.0,0.0
fishing for whiting,2,0.0,0,2,0.0,0.0
fishing for yellowtail,1,0.0,0,1,0.0,0.0
"fishing for yellowtail, seriola quinqueradiata",1,0.0,0,1,0.0,0.0
fishing from 32' boat,1,0.0,1,0,0.0,1.0
fishing from 34' boat when pulled overboard by hooked shark,1,1.0,1,0,1.0,1.0
fishing from a kayak,1,0.0,0,1,0.0,0.0
"fishing from boat, kaimamla",1,0.0,1,0,0.0,1.0
fishing from dinghy,1,0.0,1,0,0.0,1.0
"fishing from dory, shark upset boat & he fell into the water",1,1.0,1,0,1.0,1.0
"fishing from launch, fell into net with shark",1,0.0,1,0,0.0,1.0
fishing from market fishboat sea spray,1,0.0,1,0,0.0,1.0
fishing from paddleski,1,0.0,1,0,0.0,1.0
fishing from prawn trawler,1,0.0,1,0,0.0,1.0
"fishing from rocks, swept out to sea by large wave & treading water",1,1.0,1,0,1.0,1.0
fishing from shore,1,0.0,0,1,0.0,0.0
"fishing from shore, washed into the sea",1,0.0,0,1,0.0,0.0
fishing from surf ski,2,0.0,2,0,0.0,1.0
fishing from surfboard,1,0.0,1,0,0.0,1.0
fishing from surfski,1,0.0,1,0,0.0,1.0
fishing in knee-deep water,1,0.0,1,0,0.0,1.0
fishing in shoulder-deep water,1,1.0,1,0,1.0,1.0
fishing in waist-deep water,1,0.0,1,0,0.0,1.0
fishing inside net,1,0.0,1,0,0.0,1.0
fishing on a boat,5,0.0,0,5,0.0,0.0
fishing schooner jose luis foundered,1,1.0,0,1,1.0,0.0
fishing trawler flavio gioia,1,0.0,0,1,0.0,0.0
fishing with a cast net,1,1.0,1,0,1.0,1.0
fishing with dynamite,1,0.0,1,0,0.0,1.0
"fishing with dynamite, afterwards in water retrieving catch",1,1.0,1,0,1.0,1.0
fishing with hand line tied to wrist & was pulled into the water,1,1.0,1,0,1.0,1.0
fishing with hand net in 2' of water,1,0.0,1,0,0.0,1.0
"fishing,  tarpon being chased by shark  leapt across his skiff, breaking it in half & larkin became tangled in the net",1,1.0,1,0,1.0,1.0
"fishing, attempted to take a netted shark",1,1.0,1,0,1.0,1.0
"fishing, boat capsized",1,1.0,1,0,1.0,1.0
"fishing, casting in the surf",1,0.0,1,0,0.0,1.0
"fishing, catching snoek, thyrsites atun",1,0.0,0,1,0.0,0.0
"fishing, caught a 15' shark & took it onboard",1,0.0,1,0,0.0,1.0
"fishing, fell from rocks & disappeared",1,1.0,1,0,1.0,1.0
"fishing, fell in water",1,0.0,1,0,0.0,1.0
"fishing, fell in water & swimming strongly to shore",1,1.0,1,0,1.0,1.0
"fishing, had just speared a ulua",1,0.0,1,0,0.0,1.0
"fishing, hauling in a 5-lb snapper",1,0.0,0,1,0.0,0.0
"fishing, hauling in a set line",1,0.0,1,0,0.0,1.0
"fishing, hauling in fishing gear",1,0.0,0,1,0.0,0.0
"fishing, hauling in net, shark in net",1,0.0,1,0,0.0,1.0
"fishing, holding fish",1,0.0,1,0,0.0,1.0
"fishing, holding fish in his left hand",1,0.0,1,0,0.0,1.0
"fishing, holding fish in right hand",1,0.0,1,0,0.0,1.0
"fishing, hooked shark towed boat out to sea, storm swamped boat",1,1.0,1,0,1.0,1.0
"fishing, lifting shark out of craypot",1,0.0,1,0,0.0,1.0
"fishing, on a boat",1,0.0,0,1,0.0,0.0
"fishing, on charter boat silver dollar",1,0.0,1,0,0.0,1.0
"fishing, one of three fishermen swept into the sea by a large wave",1,0.0,0,1,0.0,0.0
"fishing, probably with a net",1,0.0,1,0,0.0,1.0
"fishing, removing gaff from shark's mouth",1,0.0,1,0,0.0,1.0
"fishing, removing the shark from his line",1,0.0,1,0,0.0,1.0
"fishing, setting nets",1,0.0,1,0,0.0,1.0
"fishing, shark caught in his net",1,0.0,1,0,0.0,1.0
"fishing, sitting in stern of small boat, feet dangling in the water",1,0.0,1,0,0.0,1.0
"fishing, slipped on rocks & fell into sea",1,0.0,0,1,0.0,0.0
"fishing, speared shark upset canoe & man fell in water",1,0.0,1,0,0.0,1.0
"fishing, standing in 2' of water",1,0.0,1,0,0.0,1.0
"fishing, standing in waist-deep water",1,1.0,1,0,1.0,1.0
"fishing, standing in water next to purse net",1,0.0,1,0,0.0,1.0
"fishing, standing in water washing fish",1,0.0,1,0,0.0,1.0
"fishing, stepped on hooked shark's head",1,0.0,1,0,0.0,1.0
"fishing, struck by another shark when removing shark from line",1,0.0,1,0,0.0,1.0
"fishing, thrown into water by heavy sea, clinging to rocks at the water line",1,0.0,0,1,0.0,0.0
"fishing, tossing netted shark onboard",1,0.0,1,0,0.0,1.0
"fishing, trying to catch the end of his fishing line",1,0.0,1,0,0.0,1.0
"fishing, two large sharks passed. he speared one and it bit him",1,0.0,1,0,0.0,1.0
"fishing, walking in river to cast",1,1.0,1,0,1.0,1.0
"fishing, when line became snagged on rock & he dived into water to free it",1,0.0,1,0,0.0,1.0
fishingat,1,0.0,0,1,0.0,0.0
five men on makeshift raft after their 10 m fishing boat  capsized and sank in rough seas. survivors rescued after  7.5 hours in the water,2,2.0,1,1,1.0,0.5
fleeing across a river,1,1.0,1,0,1.0,1.0
fleet of canoes caught by a squall and charged by sharks.,1,1.0,0,1,1.0,0.0
floating,18,2.0,17,1,0.1111111111111111,0.9444444444444444
floating face down,1,0.0,1,0,0.0,1.0
floating face-down in knee-deep water,1,0.0,1,0,0.0,1.0
floating in creek,1,0.0,1,0,0.0,1.0
floating in inflatable pool ring,1,0.0,1,0,0.0,1.0
floating in inner tube,2,1.0,2,0,0.5,1.0
floating in tube,1,0.0,1,0,0.0,1.0
floating near boat & observing bioluminesce,1,0.0,1,0,0.0,1.0
floating on a raft,3,0.0,2,1,0.0,0.6666666666666666
floating on a small orange raft,1,0.0,1,0,0.0,1.0
floating on air mattress,1,0.0,1,0,0.0,1.0
floating on an inflatable raft,1,1.0,1,0,1.0,1.0
floating on back,2,0.0,2,0,0.0,1.0
floating on his back,6,1.0,6,0,0.16666666666666666,1.0
floating on his back in an inner tube,1,0.0,1,0,0.0,1.0
floating on inner tube after diving for lobster,1,0.0,1,0,0.0,1.0
floating on inner tube raft,1,0.0,1,0,0.0,1.0
floating on raft,1,0.0,1,0,0.0,1.0
floating or standing,1,1.0,1,0,1.0,1.0
floating with life buoy after pilot launch capsized,1,1.0,1,0,1.0,1.0
floating with life preserver after his boat foundered,1,0.0,0,1,0.0,0.0
"floating, after falling or jumping off the standard oil tanker frederick w. weller",1,0.0,1,0,0.0,1.0
"floating, holding onto an oar after dory capsized",1,1.0,1,0,1.0,1.0
fly fishing,1,0.0,1,0,0.0,1.0
flying fortress bomber aircraft went down after daytime raid on naples. he was swimming on the surface,1,0.0,0,1,0.0,0.0
flying tiger transport plane went down with 5 men onboard,2,1.0,0,2,0.5,0.0
foil-boarding,1,0.0,1,0,0.0,1.0
foilboarding,1,0.0,1,0,0.0,1.0
foundering of the israeli freighter mezada,1,0.0,0,1,0.0,0.0
free diving,30,5.0,27,3,0.16666666666666666,0.9
free diving  & spearfishing (submerged),1,0.0,1,0,0.0,1.0
free diving & spearfishing,4,1.0,3,1,0.25,0.75
free diving & spearfishing (ascending),1,0.0,1,0,0.0,1.0
free diving & spearfishing (descending),1,0.0,1,0,0.0,1.0
free diving (but on surface),1,0.0,1,0,0.0,1.0
"free diving , but surfacing",1,0.0,1,0,0.0,1.0
free diving / modeling,1,0.0,1,0,0.0,1.0
free diving / photographing pilot whales,1,0.0,1,0,0.0,1.0
"free diving / photography, kneeling on sand",1,0.0,0,1,0.0,0.0
free diving / spearfishing,4,0.0,2,2,0.0,0.5
free diving / spearfishing (resting on the surface),1,0.0,1,0,0.0,1.0
"free diving / spearfishing,",1,0.0,1,0,0.0,1.0
"free diving / spearfishing, from paddleboard & floating on the surface",1,0.0,1,0,0.0,1.0
free diving / spearfishingat edge of reef,1,0.0,1,0,0.0,1.0
free diving but treading water at surface,1,0.0,1,0,0.0,1.0
free diving for abalone,7,2.0,7,0,0.2857142857142857,1.0
free diving for abalone (ascending),1,0.0,1,0,0.0,1.0
free diving for abalone (submerged),1,0.0,1,0,0.0,1.0
free diving for abalone (surfacing),1,0.0,1,0,0.0,1.0
free diving for abalone but at surface,1,0.0,1,0,0.0,1.0
free diving for abalone diving but at surface),1,0.0,1,0,0.0,1.0
free diving for abalone from zodiac (submerged),1,0.0,1,0,0.0,1.0
free diving for crayfish,1,0.0,1,0,0.0,1.0
free diving for lobster,1,0.0,1,0,0.0,1.0
free diving for molluscs,1,1.0,1,0,1.0,1.0
free diving for scallops,1,1.0,1,0,1.0,1.0
free diving for shell,1,0.0,1,0,0.0,1.0
free diving for sinkers,1,0.0,1,0,0.0,1.0
free diving for trochus,2,2.0,2,0,1.0,1.0
"free diving for trochus shell, swimming to dinghy",1,0.0,1,0,0.0,1.0
free diving or wading back to shore,1,0.0,1,0,0.0,1.0
free diving spearfishing,1,0.0,1,0,0.0,1.0
free diving with a pod of dolphins,1,0.0,1,0,0.0,1.0
free diving with goggles,1,1.0,1,0,1.0,1.0
free diving with seals,1,0.0,1,0,0.0,1.0
"free diving, carrying speargun",1,0.0,1,0,0.0,1.0
"free diving, collecting shells",1,0.0,1,0,0.0,1.0
"free diving, hunting crayfish",1,0.0,1,0,0.0,1.0
"free diving, spearfishing",2,1.0,2,0,0.5,1.0
"free diving, surveying a pipeline & examing cathodes under jetty",1,0.0,1,0,0.0,1.0
"free diving, working on u/w scenes for motion picture",1,1.0,1,0,1.0,1.0
free-diving,2,0.0,1,1,0.0,0.5
freediving,11,0.0,10,1,0.0,0.9090909090909091
freediving for seashells,1,0.0,1,0,0.0,1.0
freediving for trochus shell (submerged),1,1.0,1,0,1.0,1.0
"freediving, inspecting kaunakakai wharf construction after blasting & dredging",1,0.0,1,0,0.0,1.0
freedom swimming,9,3.0,9,0,0.3333333333333333,1.0
gaffing & attempting to bring onboard a harpooned shark,1,0.0,1,0,0.0,1.0
gaffing netted shark,1,0.0,1,0,0.0,1.0
gathering fish stunned by dynamite,1,1.0,1,0,1.0,1.0
gathering shells,1,0.0,1,0,0.0,1.0
german raider kormoran was sunk in an engagement with hmas sydney,1,0.0,0,1,0.0,0.0
gigging for flounder,1,0.0,0,1,0.0,0.0
gloucester fishing schooner run down,1,1.0,0,1,1.0,0.0
"goggle-diving for seaweeds, but standing in water",1,0.0,1,0,0.0,1.0
grabbed shark & threw it on deck,1,0.0,1,0,0.0,1.0
grabbing shark for a selfie,1,0.0,1,0,0.0,1.0
"greek steamship lakonia caught fire, 98 of her 646 passengers, and 30 of her crew of 376 perished",1,0.0,0,1,0.0,0.0
h.m.s. cornwall & h.m.s.dorsetshire sunk by japanese dive bombers. officers & men in the water formed a circle with 60 of their dead in the center for 36 hours,1,0.0,0,1,0.0,0.0
had just dived into water & was swimming,1,1.0,1,0,1.0,1.0
hand feeding sharks,1,0.0,1,0,0.0,1.0
hand lining for shad,1,0.0,0,1,0.0,0.0
harassing a shark,1,0.0,1,0,0.0,1.0
harassing sharks,1,0.0,1,0,0.0,1.0
hard hat diving,5,1.0,4,1,0.2,0.8
"hard hat diving, laying some charge of powder",1,0.0,0,1,0.0,0.0
hardhat diving,2,0.0,2,0,0.0,1.0
"hardhat diving from japanese pearling lugger, reiyo maru",1,1.0,1,0,1.0,1.0
harpooned shark,1,0.0,1,0,0.0,1.0
harpooning turtles,1,0.0,0,1,0.0,0.0
"hauling dead shark aboard, when another shark leapt out of the water & bit him",1,0.0,1,0,0.0,1.0
hauling in net,1,0.0,1,0,0.0,1.0
hauling in net with shark in it,1,0.0,1,0,0.0,1.0
hbm magpie foundered in a squall,1,1.0,0,1,1.0,0.0
he drowned when boat capsized,1,0.0,0,1,0.0,0.0
he was fighting a shark when his boat capsized & he disappeared,1,0.0,0,1,0.0,0.0
helmet diving in miami seaquarium,1,0.0,1,0,0.0,1.0
"helmet diving, collecting trochus shell",1,0.0,1,0,0.0,1.0
helping angler land a shark,1,0.0,1,0,0.0,1.0
helping friend land hooked shark,1,0.0,1,0,0.0,1.0
helping men land a shark,1,0.0,1,0,0.0,1.0
hiking on the beach,1,0.0,0,1,0.0,0.0
hilo,1,0.0,1,0,0.0,1.0
his balloon crashed in the harbor,1,1.0,1,0,1.0,1.0
"his ship, the us destroyer duncan dd 485, had been  sunk by crossfire from japanese warships. he was wearing a kapok lifejacket & using 2 aluminum powder tins for floatation",1,0.0,0,1,0.0,0.0
hmas parramatta torpedoed & sunk by the u-559,2,0.0,0,2,0.0,0.0
hms victoria collided with the hms camperdown,1,1.0,1,0,1.0,1.0
hoisting shark aboard fishing boat,2,0.0,2,0,0.0,1.0
holding onto an inflatable boat,1,0.0,1,0,0.0,1.0
holding shark on leader & dangling it above the water,1,0.0,1,0,0.0,1.0
holding shark's tail,1,0.0,1,0,0.0,1.0
hookah diving,2,2.0,2,0,1.0,1.0
hookah diving (submerged),1,0.0,1,0,0.0,1.0
hookah diving for abalone (descending),1,0.0,1,0,0.0,1.0
hookah diving for pen shells,1,1.0,1,0,1.0,1.0
hookah diving for sea urchins,2,0.0,2,0,0.0,1.0
hooking into a whale,1,0.0,1,0,0.0,1.0
hospital ship centaur torpedoed & sunk by the japanese submarine i-177,1,1.0,0,1,1.0,0.0
human head found in shark caught by british steamer syria,1,0.0,0,1,0.0,0.0
hunting crayfish,2,0.0,2,0,0.0,1.0
hunting lobsters in 2.4 m of water,1,1.0,1,0,1.0,1.0
hunting seals,1,1.0,1,0,1.0,1.0
hunting seashells,1,0.0,0,1,0.0,0.0
hunting sharks,1,1.0,1,0,1.0,1.0
hunting turtle,1,0.0,1,0,0.0,1.0
hurricane & tidal wave,1,0.0,0,1,0.0,0.0
"in boat being towed by ship, karnak",1,1.0,1,0,1.0,1.0
in deep water about 100 yards from his ship,1,1.0,1,0,1.0,1.0
in rubber dinghy with captain eddie rickenbacker for 21 days.,1,0.0,1,0,0.0,1.0
in waist-deep water,1,0.0,1,0,0.0,1.0
in water with diving seabirds,1,0.0,1,0,0.0,1.0
"inebriated, woke from sleep and fell off deck into the water",1,0.0,1,0,0.0,1.0
inflatable boat,1,0.0,0,1,0.0,0.0
inspecting teeth of supposedly dead (hooked & shot) shark,1,0.0,1,0,0.0,1.0
investigating shark sighting,1,0.0,0,1,0.0,0.0
italian liner principessa mafalda sank,1,1.0,0,1,1.0,0.0
jackass team's publicity stunt for discovery channel's shark week 2021,1,0.0,1,0,0.0,1.0
japanese aircraft shot down. he was one of two survivors rescued by the u.s. destroyer mugford,1,0.0,0,1,0.0,0.0
japanese freighter bokuyo maru burned & sank,1,1.0,0,1,1.0,0.0
japanese pow ship arisan maru with 1800 american prisoners of war on board bound for slave labor camps was torpedoed by an american submarine,1,1.0,0,1,1.0,0.0
jerked overboard while pole fishing for tuna,1,0.0,1,0,0.0,1.0
jet skiing,2,0.0,2,0,0.0,1.0
jumped into river,1,1.0,1,0,1.0,1.0
jumped into the water,4,2.0,4,0,0.5,1.0
jumped into the water from a cliff,1,0.0,0,1,0.0,0.0
jumped into water,1,0.0,1,0,0.0,1.0
jumped off rocks into white water,1,0.0,1,0,0.0,1.0
jumped off surfboard & landed on the shark,1,0.0,1,0,0.0,1.0
jumped or fell overboard,1,1.0,1,0,1.0,1.0
jumped out of canoe,1,1.0,1,0,1.0,1.0
jumped overboard,7,5.0,4,2,0.7142857142857143,0.5714285714285714
jumped overboard after murdering 2 shipmates,1,1.0,1,0,1.0,1.0
jumped overboard and swimming,1,0.0,0,1,0.0,0.0
jumped overboard from norwegian steamship venator,1,1.0,1,0,1.0,1.0
jumped overboard from torpedoed panamanian freighter,1,1.0,0,1,1.0,0.0
jumped overboard to rescue a man,1,0.0,1,0,0.0,1.0
jumped overboard to rescue companion,1,1.0,1,0,1.0,1.0
jumped overboard while intoxicated,1,1.0,1,0,1.0,1.0
jumping,4,0.0,4,0,0.0,1.0
jumping in swells,1,0.0,1,0,0.0,1.0
jumping in the waves,1,0.0,1,0,0.0,1.0
kakaying,1,0.0,1,0,0.0,1.0
kayak fishing,15,0.0,6,9,0.0,0.4
kayaking,41,1.0,8,32,0.024390243902439025,0.1951219512195122
kayaking (returning from spearfishing),1,0.0,0,1,0.0,0.0
kayaking / fishing,4,1.0,2,2,0.25,0.5
kayaking fishing,1,0.0,0,1,0.0,0.0
kayaking or wave skiing,1,0.0,0,1,0.0,0.0
killing  sharks,1,0.0,1,0,0.0,1.0
killing a shark,1,0.0,1,0,0.0,1.0
kite boarding,4,2.0,4,0,0.5,1.0
kite foiling,1,0.0,1,0,0.0,1.0
kite surfing,12,1.0,12,0,0.08333333333333333,1.0
kite-boarding,1,0.0,1,0,0.0,1.0
kite-surfing,1,0.0,1,0,0.0,1.0
kiteboarding,2,0.0,2,0,0.0,1.0
kitesurfing,1,0.0,1,0,0.0,1.0
kneeling in the water,1,0.0,1,0,0.0,1.0
knocked into the water,1,1.0,1,0,1.0,1.0
knocked overboard,3,3.0,3,0,1.0,1.0
"known as the battle of the bismarck sea :  8 japanese destroyers guarding a convoy of 8 transports were attacked by 129 allied fighters, 207 bombers & 3 squadrons of the royal australian air force.",1,1.0,0,1,1.0,0.0
landing hooked shark in boat,1,0.0,1,0,0.0,1.0
launching a boat,1,1.0,1,0,1.0,1.0
launching rowboat through the surf,2,0.0,2,0,0.0,1.0
leaving the water,1,0.0,1,0,0.0,1.0
leicester abandoned in a hurricane,1,1.0,0,1,1.0,0.0
lifeboat capsized,1,1.0,1,0,1.0,1.0
lifeguard exercises,1,0.0,1,0,0.0,1.0
lifeguard training exercise,1,0.0,1,0,0.0,1.0
lifesaving drill,4,2.0,4,0,0.5,1.0
lifesaving exhibition,1,1.0,1,0,1.0,1.0
light aircraft ditched at sea,1,1.0,0,1,1.0,0.0
"line fishing from lakotoi, saw shoal of fish, dived overboard, had speared second fish & surfaced for air",1,0.0,1,0,0.0,1.0
lobster diving using scuba,1,0.0,1,0,0.0,1.0
lobster fishing,1,0.0,1,0,0.0,1.0
lobstering,2,0.0,2,0,0.0,1.0
longline fishing,1,0.0,0,1,0.0,0.0
longline fishing for sharks,1,0.0,1,0,0.0,1.0
longling fishing,1,1.0,0,1,1.0,0.0
loss of the schooner nomad,1,1.0,0,1,1.0,0.0
lost his footing & fell overboard,1,1.0,1,0,1.0,1.0
lying atop surfboard,1,0.0,1,0,0.0,1.0
lying in 2 feet of water,1,0.0,1,0,0.0,1.0
lying on surfboard,1,0.0,1,0,0.0,1.0
lying on surfboard & paddling,1,0.0,1,0,0.0,1.0
lying on the bottom of a 16' dinghy,1,0.0,1,0,0.0,1.0
lying prone in 2' of water,1,0.0,1,0,0.0,1.0
lying prone on surfboard,1,0.0,1,0,0.0,1.0
m.v. tropical sank. sole survivor rode oil drums for 8 days without food or water.,1,0.0,0,1,0.0,0.0
male,1,0.0,1,0,0.0,1.0
marathon swimming,1,0.0,0,1,0.0,0.0
measuring sharks,1,0.0,1,0,0.0,1.0
motor boat rebel belle lost,1,0.0,0,1,0.0,0.0
motor launch baby princesa capsized with 22 people on board,1,1.0,0,1,1.0,0.0
moving a shark in a net,1,0.0,1,0,0.0,1.0
moving captive shark,1,0.0,1,0,0.0,1.0
"moving shark from tuna vessel when boat rolled, placing both man & shark in chest-deep water",1,0.0,1,0,0.0,1.0
murder,5,3.0,3,2,0.6,0.6
murder victim,1,0.0,0,1,0.0,0.0
murdered,1,1.0,1,0,1.0,1.0
murdered by thai pirates,1,1.0,1,0,1.0,1.0
national airlines dc7b enroute from miami to los angeles with 42 or 46 people on board went down in heavy fog,1,0.0,0,1,0.0,0.0
native boats sunk in storm,1,1.0,0,1,1.0,0.0
net fishing,1,0.0,1,0,0.0,1.0
"net fishing, fell into the water",1,1.0,1,0,1.0,1.0
"net fishing, picking catch from the net",1,0.0,1,0,0.0,1.0
"netting menhaden, sharks caught in net",1,0.0,1,0,0.0,1.0
netting pilchards,1,0.0,0,1,0.0,0.0
netting sharks,1,0.0,0,1,0.0,0.0
night bathing,1,1.0,1,0,1.0,1.0
night diving,1,1.0,1,0,1.0,1.0
night surfing,1,0.0,1,0,0.0,1.0
no details,1,0.0,0,1,0.0,0.0
nsb meshing,1,0.0,1,0,0.0,1.0
observing a shark feeding on a carcass of a humpback whale,1,0.0,0,1,0.0,0.0
ocean racing,2,0.0,0,2,0.0,0.0
"on 6-nov-1942, the german submarine u-68 sank the city of cairo 5 days from cape town, survivors took to lifeboats & rafts. on the 15th day, a fireman jumped over the stern & was taken by sharks",1,1.0,0,1,1.0,0.0
on a float,1,0.0,1,0,0.0,1.0
on a shark hunt,1,0.0,0,1,0.0,0.0
on board 51' fishing vessel one ki,1,0.0,1,0,0.0,1.0
"on boat, preparing to dive",1,0.0,0,1,0.0,0.0
"on december 28, 1908, an earthquake, followed by tsunamis, destroyed coastal towns in silcily and southern italy, killing more than 100,000 people",1,0.0,0,1,0.0,0.0
on expedition filming a feature movie & standing on tripod,1,0.0,1,0,0.0,1.0
on fishing boat & trailing hand in the water,1,0.0,1,0,0.0,1.0
on inflatable raft,1,0.0,0,1,0.0,0.0
on life raft tethered to lifeboat. a seaman put hand over side to rinse a cup,1,0.0,1,0,0.0,1.0
onboard 21' powerboat that capsized in rough seas,1,0.0,0,1,0.0,0.0
"overcome by co fumes, fell overboard from 36' fishing cruiser & prop slashed arm",1,0.0,0,1,0.0,0.0
overturned skiff,1,0.0,0,1,0.0,0.0
oyster fishing,1,1.0,0,1,1.0,0.0
oystering,1,0.0,1,0,0.0,1.0
pacific seafarer of us navy,1,1.0,0,1,1.0,0.0
paddle boarding,11,0.0,11,0,0.0,1.0
paddle skiing,1,0.0,1,0,0.0,1.0
paddle-boarding,1,0.0,1,0,0.0,1.0
paddle-surfing,1,0.0,1,0,0.0,1.0
paddleboarding,2,0.0,2,0,0.0,1.0
paddleskiing,5,0.0,5,0,0.0,1.0
paddling,3,0.0,1,2,0.0,0.3333333333333333
paddling & sailing from buenos aires to miami,1,0.0,1,0,0.0,1.0
paddling a canoe,1,0.0,0,1,0.0,0.0
paddling a surfboat,1,0.0,1,0,0.0,1.0
paddling an outrigger canoe,1,0.0,0,1,0.0,0.0
paddling in knee-deep water,1,1.0,1,0,1.0,1.0
paddling on kneeboard,1,1.0,1,0,1.0,1.0
paddling on surfboard,4,0.0,4,0,0.0,1.0
paddling on surfboard or body board,1,0.0,1,0,0.0,1.0
paddling outrigger canoe,1,0.0,0,1,0.0,0.0
paddling rescue ski,1,0.0,1,0,0.0,1.0
painting a ship,1,1.0,1,0,1.0,1.0
parachuted from balloon,1,0.0,0,1,0.0,0.0
parachuted into pacific,1,0.0,1,0,0.0,1.0
parasailing,1,0.0,1,0,0.0,1.0
pearl diving,26,6.0,26,0,0.23076923076923078,1.0
pearl diving from lugger,1,1.0,1,0,1.0,1.0
pearl diving from lugger whyalla,1,0.0,1,0,0.0,1.0
"pearl diving, but standing in the water",1,0.0,1,0,0.0,1.0
petting a shark,1,0.0,1,0,0.0,1.0
petting captive sharks,1,0.0,1,0,0.0,1.0
photo shoot,1,0.0,0,1,0.0,0.0
photographing fish,1,0.0,1,0,0.0,1.0
photographing sharks underwater using scuba,1,0.0,1,0,0.0,1.0
photographing the shark,1,0.0,1,0,0.0,1.0
picking opihi,1,0.0,0,0,0.0,0.0
picking up shark by the tail,1,0.0,1,0,0.0,1.0
placed hand in disemboweled shark’s jaws,1,0.0,1,0,0.0,1.0
"plane crashed in water, men in life raft",1,0.0,1,0,0.0,1.0
"plane forced down, 3 men on rubber life raft. put hand over side to feel drift of boat",1,0.0,0,1,0.0,0.0
playing,14,0.0,14,0,0.0,1.0
playing / jumping,1,0.0,1,0,0.0,1.0
playing / standing,1,0.0,1,0,0.0,1.0
playing in knee-deep water,1,0.0,1,0,0.0,1.0
playing in surf with his child  (9),1,0.0,1,0,0.0,1.0
playing in the surf,3,0.0,2,1,0.0,0.6666666666666666
playing in the surf with his 2 dogs,1,0.0,1,0,0.0,1.0
playing in the water,3,1.0,3,0,0.3333333333333333,1.0
playing on a sandbar,1,0.0,1,0,0.0,1.0
"playing on rock, slipped & fell into the water",1,1.0,1,0,1.0,1.0
playing soccer in the water,1,0.0,1,0,0.0,1.0
playing volleyball with friends,1,0.0,1,0,0.0,1.0
playing with a frisbee in the shallows,1,0.0,1,0,0.0,1.0
playing with an air mattress,1,0.0,1,0,0.0,1.0
pleasure boating,1,0.0,0,1,0.0,0.0
portuguese airliner with 9 people aboard went down.,1,0.0,0,1,0.0,0.0
preparing to fish for jack-mackerel,1,0.0,0,1,0.0,0.0
preparing to go skin diving,1,0.0,1,0,0.0,1.0
probabable drowning,1,0.0,0,1,0.0,0.0
pulling anchor,1,0.0,1,0,0.0,1.0
pulling hooked salmon to boat,1,0.0,0,1,0.0,0.0
pulling raft out to ride to shore,1,0.0,1,0,0.0,1.0
pulling shark from the water,1,0.0,1,0,0.0,1.0
"pushed surfmat of a young girl out of the shark's path, drawing shark's attention to his own board",1,0.0,1,0,0.0,1.0
put foot inside a landed & supposedly dead shark,1,0.0,1,0,0.0,1.0
put foot inside mouth of supposedly dead shark,1,0.0,1,0,0.0,1.0
putting hand in shark tank,1,0.0,1,0,0.0,1.0
pêcheur de bichiques,1,1.0,1,0,1.0,1.0
r5d aircraft went down with 29 on board,1,0.0,0,1,0.0,0.0
racing ski,1,0.0,1,0,0.0,1.0
ran into the water,1,1.0,1,0,1.0,1.0
reached out to disentangle rope & fell overboard,1,0.0,0,1,0.0,0.0
reaching for life preserver,1,1.0,1,0,1.0,1.0
"refused permission to cross on the ferry, he was swimming across the river",1,1.0,1,0,1.0,1.0
removing fish from a trap,1,0.0,1,0,0.0,1.0
removing hook from shark,1,0.0,1,0,0.0,1.0
removing shark from a net,1,0.0,1,0,0.0,1.0
removing shark from a trap,1,0.0,1,0,0.0,1.0
removing shark from net,2,1.0,2,0,0.5,1.0
removing shark from tank in nightclub,1,0.0,1,0,0.0,1.0
reported swept away by waves while gathering opihi,1,0.0,0,1,0.0,0.0
rescuing,1,0.0,1,0,0.0,1.0
rescuing seaman after ship sunk by german raider,1,0.0,1,0,0.0,1.0
resting on body board,1,0.0,1,0,0.0,1.0
resting on surfboard,1,0.0,1,0,0.0,1.0
restraining a beached shark,1,0.0,1,0,0.0,1.0
retrieving bait box that had fallen overboard,1,0.0,1,0,0.0,1.0
retrieving meat from a cage in the water,1,1.0,1,0,1.0,1.0
"returning to shore, collided with shark",1,0.0,1,0,0.0,1.0
reviving a sedated shark,1,0.0,1,0,0.0,1.0
riding a horse,1,1.0,1,0,1.0,1.0
riding floatation device,1,0.0,1,0,0.0,1.0
riding horseback across the creek,1,0.0,1,0,0.0,1.0
riding waves on a board,1,0.0,1,0,0.0,1.0
rolled off raft,1,0.0,1,0,0.0,1.0
"row boat (from the gunboat elcano) was sinking, put finger in hole",1,0.0,1,0,0.0,1.0
rowing,14,0.0,2,12,0.0,0.14285714285714285
rowing a dinghy,1,0.0,0,1,0.0,0.0
rowing an inflatable dinghy,1,0.0,0,1,0.0,0.0
rowing toward snapper grounds,1,0.0,0,1,0.0,0.0
royal hawaiian skymaster dc-6b aircraft went down with  58 passenger & crew,1,0.0,0,1,0.0,0.0
"s.s. marine sulphur queen, laden with molten sulphur was bound from beaumont, texas for norfolk, va, when she disappeared with 39 on board",1,0.0,0,1,0.0,0.0
s.s. ramos foundered in a hurricane. captain & 14 crew in water-logged lifeboats.,1,1.0,0,1,1.0,0.0
s2f-1 airplane crashed immediately after carrier take-off,1,0.0,0,1,0.0,0.0
"s2n navy scout plane went down, e.h. almond & lieut a.g. reading in water",2,1.0,0,2,0.5,0.0
"sailboarding, fell into water 100 yards outside the breakwater",1,0.0,1,0,0.0,1.0
sailing,9,0.0,2,7,0.0,0.2222222222222222
"sailing from gingood, misamis oriental to sagay (normally a 2-day voyage) capsized with 6 on board, three men were taken by sharks when they attempted to swim to shore.",1,1.0,1,0,1.0,1.0
sailing on catamaran & fell into the water,1,1.0,1,0,1.0,1.0
salvaging a shipwreck,1,0.0,1,0,0.0,1.0
scallop diving (using surface-supplied air & a pod),1,1.0,1,0,1.0,1.0
scallop diving on hookah,1,1.0,1,0,1.0,1.0
scalloping,1,0.0,1,0,0.0,1.0
schooner sank during a storm,1,0.0,0,1,0.0,0.0
scientific research (dr. sonny gruber's student),1,0.0,1,0,0.0,1.0
scooping prawns,1,0.0,1,0,0.0,1.0
scuba diving,98,14.0,79,19,0.14285714285714285,0.8061224489795918
scuba diving & feeding fish,1,0.0,1,0,0.0,1.0
scuba diving & filming,1,0.0,1,0,0.0,1.0
scuba diving & spearfishing,3,2.0,3,0,0.6666666666666666,1.0
scuba diving & u/w photography,1,0.0,1,0,0.0,1.0
scuba diving (ascending using scooter),1,0.0,1,0,0.0,1.0
scuba diving (but on surface),4,1.0,4,0,0.25,1.0
scuba diving (submerged riding a scooter),1,0.0,1,0,0.0,1.0
scuba diving (submerged),4,0.0,4,0,0.0,1.0
scuba diving / culling lionfish,1,0.0,0,1,0.0,0.0
scuba diving at seal colony,1,1.0,1,0,1.0,1.0
scuba diving for abalone,2,0.0,2,0,0.0,1.0
scuba diving for bivalves,1,1.0,1,0,1.0,1.0
scuba diving for lobster (at surface),1,0.0,1,0,0.0,1.0
scuba diving for lobsters,1,0.0,1,0,0.0,1.0
scuba diving for scallops,1,1.0,1,0,1.0,1.0
scuba diving in aquarium tank,1,0.0,1,0,0.0,1.0
"scuba diving, attempting to catch a captive shark",1,0.0,1,0,0.0,1.0
"scuba diving, but swimming on surface",1,1.0,1,0,1.0,1.0
"scuba diving, hand feeding sharks",1,0.0,1,0,0.0,1.0
"scuba diving, reportedly also spearfishing",1,1.0,1,0,1.0,1.0
sculling,3,0.0,2,1,0.0,0.6666666666666666
scurfing (surfboard being  towed behind a boat),1,1.0,1,0,1.0,1.0
sea disaster,14,7.0,1,13,0.5,0.07142857142857142
sea disaster : wreck of the carrie e. long,1,0.0,0,1,0.0,0.0
sea disaster : wreck of the taiaroa,1,0.0,0,1,0.0,0.0
sea disaster sinking of ferryboat christina,1,0.0,0,1,0.0,0.0
"sea disaster, canoes capsized in storm",1,1.0,0,1,1.0,0.0
"sea disaster, foundering of the cargo vessle m/v dorolonda",1,1.0,1,0,1.0,1.0
"sea disaster, sinking of the  ss vestris",1,1.0,0,1,1.0,0.0
"sea disaster, sinking of the fishing  launch mavis",1,1.0,0,1,1.0,0.0
"sea disaster, sinking of the motorship wingate",1,1.0,0,1,1.0,0.0
"sea disaster, wreck of the  ss norwich city",1,1.0,0,1,1.0,0.0
"sea disaster, wreck of the alfred watts",1,1.0,0,1,1.0,0.0
"sea disaster, wreck of the sloop sara",1,1.0,0,1,1.0,0.0
seaplane columbus ditched in the sea,1,0.0,0,1,0.0,0.0
searching for remains of  dr. marais,1,0.0,1,0,0.0,1.0
seine netting,4,1.0,4,0,0.25,1.0
"seining for bait, standing in chest-deep water",1,1.0,1,0,1.0,1.0
setting crayfish pots,1,0.0,0,1,0.0,0.0
shark diving,2,0.0,0,2,0.0,0.0
shark fishing,16,1.0,16,0,0.0625,1.0
shark fishing on the don agustín-vi.,1,0.0,1,0,0.0,1.0
shark fishing on the ricardo astorga,1,0.0,1,0,0.0,1.0
shark hoisted on board liner tahiti,1,0.0,1,0,0.0,1.0
shark tagging,1,0.0,1,0,0.0,1.0
shark watching,3,0.0,0,3,0.0,0.0
she was on a ship that was torpedoes & was in the water awaiting rescue,1,0.0,0,1,0.0,0.0
shell diving,4,4.0,4,0,1.0,1.0
ship m.v. rizal sank during typhoon,1,1.0,0,1,1.0,0.0
ship mariston torpedoed & sunk,1,1.0,0,1,1.0,0.0
ship torpedoed 400 miles off the african coas. man was clinging to hatch cover,1,0.0,0,1,0.0,0.0
ship william penn grounded & broke apart,1,0.0,0,1,0.0,0.0
"ship's boat capsized in squall, captain & 2 sailors clinging onto hull",1,1.0,1,0,1.0,1.0
shipwreck,6,2.0,1,5,0.3333333333333333,0.16666666666666666
shipwrecked,1,0.0,0,1,0.0,0.0
shipwrecked pearling schooner,1,1.0,0,1,1.0,0.0
shipwrecked; adrift on raft for 2 days & 2 nights,1,1.0,1,0,1.0,1.0
shooting sharks,2,0.0,2,0,0.0,1.0
shrimping,2,0.0,1,1,0.0,0.5
sight-seeing,1,0.0,1,0,0.0,1.0
sightseeing,1,0.0,0,1,0.0,0.0
sinking of the 40' esperanza off st. maartin with 36 refugees on board,1,1.0,0,1,1.0,0.0
sinking of the cargo ship mark jason,1,0.0,0,1,0.0,0.0
sinking of the dredge world atlas,1,1.0,0,1,1.0,0.0
sinking of the ferryboat bongbong 1,1,1.0,0,1,1.0,0.0
sinking of the ferryboat don juan,1,1.0,0,1,1.0,0.0
sinking of the ferryboat dumaguete,1,0.0,0,1,0.0,0.0
sinking of the m/v mindoro during a typhoon,1,1.0,0,1,1.0,0.0
sitting,3,0.0,3,0,0.0,1.0
sitting in 3' of water,1,0.0,1,0,0.0,1.0
sitting in a boat,1,0.0,1,0,0.0,1.0
sitting in bow of her father's 5 m boat,1,0.0,0,1,0.0,0.0
sitting in shallows,2,1.0,2,0,0.5,1.0
sitting in the water,2,0.0,2,0,0.0,1.0
sitting on gunwale of boat,3,2.0,3,0,0.6666666666666666,1.0
sitting on side of dinghy mending a net,1,0.0,0,1,0.0,0.0
sitting on surfboard,9,0.0,9,0,0.0,1.0
sittting in water with his child,1,0.0,1,0,0.0,1.0
skimboarding,2,0.0,1,1,0.0,0.5
skin diving,4,2.0,4,0,0.5,1.0
skin diving for trepang but at surface next to the boat,1,0.0,1,0,0.0,1.0
skindiving,6,2.0,6,0,0.3333333333333333,1.0
skindiving for specimens,1,0.0,1,0,0.0,1.0
"skindiving,",1,0.0,1,0,0.0,1.0
"skindiving, fish at belt",1,0.0,1,0,0.0,1.0
slapped shark on tail as it swam by,1,0.0,1,0,0.0,1.0
sleeping in anchored boat,1,1.0,1,0,1.0,1.0
slipped off rocks and fell into the water,1,1.0,1,0,1.0,1.0
small boat,1,0.0,0,1,0.0,0.0
"small boat swamped, 4  people swimming to shore but he fell behind the other 3 and vanished",1,0.0,0,1,0.0,0.0
small boat with 2 men onboard hit a submerged coral formation. men began swimming to shore,1,1.0,1,0,1.0,1.0
small vessel with 13 men on board capsized crossing the bar and 6 men drowned.  the 7 survivors were swimming to shore,1,1.0,1,0,1.0,1.0
snorkeling,126,19.0,122,3,0.15079365079365079,0.9682539682539683
snorkeling (filming the sardine run),1,0.0,1,0,0.0,1.0
snorkeling at shark feeding site,1,0.0,1,0,0.0,1.0
snorkeling on surface,1,0.0,1,0,0.0,1.0
snorkeling – hunting crayfish and abalone,1,0.0,1,0,0.0,1.0
"snorkeling, carrying a speared fish in her hand",1,0.0,1,0,0.0,1.0
"snorkeling, possibly holding a fish",1,0.0,1,0,0.0,1.0
spear fishing,1,0.0,1,0,0.0,1.0
"spear fishing, removing fish from spear",1,1.0,1,0,1.0,1.0
"speared a grouper, saw shark but it came for him instead of the fish so he fired spear into shark’s mouth. then shark took grouper but unable to swallow because of the spear in its mouth.",1,0.0,1,0,0.0,1.0
spearfishing,381,49.0,351,27,0.12860892388451445,0.9212598425196851
spearfishing & diving for paua,1,0.0,1,0,0.0,1.0
spearfishing & had just speared a ulua,1,0.0,1,0,0.0,1.0
spearfishing & holding catch,1,0.0,1,0,0.0,1.0
spearfishing & lassoed shark,1,0.0,1,0,0.0,1.0
spearfishing (but on surface),1,0.0,1,0,0.0,1.0
spearfishing (but treading water on the surface),1,0.0,1,0,0.0,1.0
spearfishing (free diving),4,1.0,3,1,0.25,0.75
spearfishing / diving,1,0.0,1,0,0.0,1.0
spearfishing / free diving,6,2.0,5,1,0.3333333333333333,0.8333333333333334
spearfishing / freediving,1,0.0,1,0,0.0,1.0
spearfishing / night diving,1,0.0,1,0,0.0,1.0
spearfishing / scuba diving,3,0.0,2,1,0.0,0.6666666666666666
spearfishing / scuba diving (at surface),3,0.0,3,0,0.0,1.0
spearfishing / swimming on surface,1,0.0,1,0,0.0,1.0
spearfishing competition,2,0.0,2,0,0.0,1.0
spearfishing on scuba,7,1.0,5,2,0.14285714285714285,0.7142857142857143
spearfishing on scuba & transferring fish onto a stringer,1,0.0,1,0,0.0,1.0
spearfishing or fishing,1,0.0,1,0,0.0,1.0
spearfishing using scuba,3,0.0,3,0,0.0,1.0
spearfishing using scuba & trailing a string of bleeding fish,1,0.0,1,0,0.0,1.0
"spearfishing with joe turner (24). shark attracted to speared halibut on belt of one diver, tried to bite ide’s speargun & he shot it in the mouth",1,0.0,1,0,0.0,1.0
spearfishing with scuba gear,1,1.0,1,0,1.0,1.0
"spearfishing, but standing in knee-deep water",1,0.0,1,0,0.0,1.0
"spearfishing, but standing in the water",1,0.0,1,0,0.0,1.0
"spearfishing, but swimming at surface",1,0.0,1,0,0.0,1.0
"spearfishing, but swimming on surface",1,0.0,1,0,0.0,1.0
"spearfishing, but walking carrying fish on end of speargun",1,0.0,1,0,0.0,1.0
"spearfishing, carrying fish on belt",1,0.0,1,0,0.0,1.0
"spearfishing, carrying fish on spear",1,0.0,1,0,0.0,1.0
"spearfishing, carrying his catch",1,1.0,1,0,1.0,1.0
"spearfishing, dived to pick up a float line",1,1.0,1,0,1.0,1.0
"spearfishing, free diving, possibly ascended into path of cruising shark",1,0.0,1,0,0.0,1.0
"spearfishing, had fish on his spear",1,0.0,1,0,0.0,1.0
"spearfishing, holding 5' speared fish",1,0.0,1,0,0.0,1.0
"spearfishing, holding mesh bag with speared fish",1,0.0,1,0,0.0,1.0
"spearfishing, hunting crayfish",1,1.0,1,0,1.0,1.0
"spearfishing, pulled shark’s tail",1,0.0,1,0,0.0,1.0
"spearfishing, scuba diving",1,0.0,1,0,0.0,1.0
"spearfishing, shark grabbed his white t-shirt and towed him",1,0.0,1,0,0.0,1.0
"spearfishing, shot a sandtiger shark. cord to spear tangled round his legs & a wave washed him onto a reef.",1,0.0,1,0,0.0,1.0
"spearfishing, shot a turtle",1,1.0,1,0,1.0,1.0
"spearfishing, shot shark, hauled it onto boat",1,0.0,1,0,0.0,1.0
"spearfishing, smith  & walker touched shark with tip of their guns",1,0.0,1,0,0.0,1.0
"spearfishing, speared a small shark",1,0.0,1,0,0.0,1.0
"spearfishing, speared fish retreated to cave where shark grabbed his arm",1,0.0,1,0,0.0,1.0
spearfishing/ filming,1,0.0,0,1,0.0,0.0
spearing a shark,1,0.0,1,0,0.0,1.0
spearing fish,3,1.0,3,0,0.3333333333333333,1.0
spearishing,1,0.0,1,0,0.0,1.0
splashing,6,0.0,5,1,0.0,0.8333333333333334
splashing / wading,1,0.0,1,0,0.0,1.0
splashing in surf,1,1.0,1,0,1.0,1.0
splashing in water,1,0.0,1,0,0.0,1.0
sponge divers,1,0.0,0,1,0.0,0.0
sponge diving,8,5.0,8,0,0.625,1.0
squatting in the water,1,0.0,1,0,0.0,1.0
ss ethel skakel foundered in central america hurricane of 1941,1,1.0,1,0,1.0,1.0
stamding,1,1.0,1,0,1.0,1.0
stand up paddleboarding,1,1.0,1,0,1.0,1.0
stand-up paddle boarding,1,0.0,1,0,0.0,1.0
stand-up paddleboarding,9,0.0,9,0,0.0,1.0
standing,113,15.0,112,1,0.13274336283185842,0.9911504424778761
standing / bathing,1,0.0,1,0,0.0,1.0
standing / fishing,1,1.0,1,0,1.0,1.0
standing / snorkeling,1,0.0,1,0,0.0,1.0
standing / surfing,3,0.0,3,0,0.0,1.0
standing / wading,1,0.0,1,0,0.0,1.0
standing alongside surfboard,1,0.0,1,0,0.0,1.0
standing in chest-deep water,1,0.0,1,0,0.0,1.0
standing in inner tube,1,0.0,1,0,0.0,1.0
standing in knee-deep water,3,1.0,3,0,0.3333333333333333,1.0
standing in waist-deep water,2,1.0,2,0,0.5,1.0
"standing in waist-deep water, helping his father tend a gill net containing dead fish",1,0.0,1,0,0.0,1.0
standing in water with child in her arms,1,0.0,0,1,0.0,0.0
standing on his hands,1,0.0,1,0,0.0,1.0
standing on landed shark's tail,1,1.0,1,0,1.0,1.0
standing on sandbank,1,1.0,1,0,1.0,1.0
standing on sandbar,1,0.0,1,0,0.0,1.0
standing on ship deck,1,0.0,1,0,0.0,1.0
standing or boogie boardin,1,0.0,1,0,0.0,1.0
"standing, collecting bananas",1,0.0,1,0,0.0,1.0
"standing, collecting sea stars",1,0.0,1,0,0.0,1.0
"standing, gathering oysters",1,0.0,1,0,0.0,1.0
"standing, holding shark pup",1,0.0,1,0,0.0,1.0
"standing, stepped on shark",1,0.0,1,0,0.0,1.0
"standing, watching seine netters",1,0.0,1,0,0.0,1.0
"steamer durao struck rock & filled, boats capsized, passengers & crew tried to swim to shore",1,1.0,0,1,1.0,0.0
steamer una wrecked with 75 laborers onboard. survivors took to rafts & lifeboats.,1,1.0,0,1,1.0,0.0
steinhart aquarium,1,0.0,1,0,0.0,1.0
stuffing a shark into an automobile,1,0.0,1,0,0.0,1.0
suicide,3,1.0,1,2,0.3333333333333333,0.3333333333333333
sunbathing on beach when he saw child being attacked by the shark,1,0.0,1,0,0.0,1.0
sup,3,0.0,2,1,0.0,0.6666666666666666
sup foil boarding,1,0.0,1,0,0.0,1.0
surf bathing,1,0.0,1,0,0.0,1.0
surf fishing,14,0.0,11,3,0.0,0.7857142857142857
surf fishing / wading,1,0.0,1,0,0.0,1.0
surf fishing in waist-deep water,1,1.0,1,0,1.0,1.0
"surf fishing, wading",1,0.0,1,0,0.0,1.0
surf paddling,1,0.0,1,0,0.0,1.0
surf skiing,24,0.0,20,4,0.0,0.8333333333333334
surf-fishing,1,0.0,1,0,0.0,1.0
surf-skiing,13,0.0,12,1,0.0,0.9230769230769231
surf-sking,1,0.0,1,0,0.0,1.0
surface supplied  diving,1,1.0,1,0,1.0,1.0
surfing,1110,58.0,1063,45,0.05225225225225225,0.9576576576576576
surfing & dangling foot in water amid baitfish,1,0.0,1,0,0.0,1.0
surfing & filming dolphins,1,0.0,0,1,0.0,0.0
surfing (lying prone on his board),2,0.0,2,0,0.0,1.0
surfing (or body boarding),1,0.0,1,0,0.0,1.0
surfing (or sailboarding),1,0.0,1,0,0.0,1.0
surfing (pneumatic surfboard),1,0.0,1,0,0.0,1.0
surfing (sitting on his board),7,0.0,7,0,0.0,1.0
surfing / swimming,1,0.0,1,0,0.0,1.0
surfing / treading water,1,0.0,1,0,0.0,1.0
surfing / wading,1,0.0,1,0,0.0,1.0
surfing amid a shoal of sharks,1,0.0,1,0,0.0,1.0
surfing on air mattress,1,1.0,1,0,1.0,1.0
surfing on chest board (boogie board?),1,0.0,1,0,0.0,1.0
surfing or body surfing,1,0.0,1,0,0.0,1.0
surfing with dolphins,1,0.0,1,0,0.0,1.0
"surfing, but lying prone on his board",1,0.0,1,0,0.0,1.0
"surfing, but standing in water alongside board",1,0.0,1,0,0.0,1.0
"surfing, but swimming to his board",1,0.0,1,0,0.0,1.0
"surfing, but treading water",1,0.0,1,0,0.0,1.0
"surfing, collided with shark",2,0.0,2,0,0.0,1.0
"surfing, fell off surfboard",1,0.0,1,0,0.0,1.0
"surfing, fell off surfboard & stepped on the shark.",1,0.0,1,0,0.0,1.0
"surfing, lying on surfboard",1,0.0,1,0,0.0,1.0
"surfing, paddling seawards",3,0.0,3,0,0.0,1.0
"surfing, paddling shorewards",1,0.0,1,0,0.0,1.0
"surfing, pushing board ashore",1,1.0,1,0,1.0,1.0
"surfing, sitting on board",1,0.0,1,0,0.0,1.0
surfng,1,0.0,1,0,0.0,1.0
survived crash of two-engine  c-46 transport plane carrying 62 migrant workers from puerto rico to usa,1,1.0,0,1,1.0,0.0
"survived us naval aircraft crash, climbing onboard rescue vessel when he fell back into sea",1,0.0,1,0,0.0,1.0
swept off deck of s.s.frontenac enroute from west indies to us,1,0.0,1,0,0.0,1.0
"swept out to sea by the tsunami, she clung  to a log for 24 hours",1,0.0,0,1,0.0,0.0
swept out to sea while fishing,1,1.0,1,0,1.0,1.0
swept out to sea while net fishing,1,1.0,1,0,1.0,1.0
swept overboard,1,0.0,1,0,0.0,1.0
swimming,981,321.0,881,99,0.327217125382263,0.8980632008154944
swimming  or snorkeling,1,0.0,1,0,0.0,1.0
swimming & snorkeling,1,1.0,1,0,1.0,1.0
swimming & splashing,1,0.0,1,0,0.0,1.0
swimming (lead swimmer in race),1,1.0,1,0,1.0,1.0
swimming (recovering remains of stilwell),1,1.0,1,0,1.0,1.0
swimming (using a float),1,0.0,1,0,0.0,1.0
swimming /  boogie boarding,1,0.0,1,0,0.0,1.0
swimming /  whale watching,1,0.0,1,0,0.0,1.0
swimming / body surfing,2,1.0,2,0,0.5,1.0
swimming / escaping imprisonment,2,1.0,2,0,0.5,1.0
swimming / floating,1,0.0,1,0,0.0,1.0
swimming / floating on his back,1,0.0,1,0,0.0,1.0
swimming / jumping off a jetty,1,0.0,1,0,0.0,1.0
swimming / kayaking,1,0.0,1,0,0.0,1.0
swimming / shipwreck,1,1.0,1,0,1.0,1.0
swimming / snorkeling,2,1.0,2,0,0.5,1.0
swimming / surfing,1,0.0,1,0,0.0,1.0
swimming / treading water,1,0.0,1,0,0.0,1.0
swimming / wading,2,0.0,2,0,0.0,1.0
swimming 10 m from shore,1,0.0,1,0,0.0,1.0
swimming 3 miles offshore,1,0.0,1,0,0.0,1.0
swimming a quarter mile offshore,1,1.0,1,0,1.0,1.0
swimming after a tennis ball,1,1.0,1,0,1.0,1.0
swimming after being swept into sea by a large wave,1,1.0,1,0,1.0,1.0
swimming after being swept off rocks,1,1.0,0,0,1.0,0.0
swimming after being washed overboard,1,1.0,1,0,1.0,1.0
swimming after boat became disabled,1,0.0,0,1,0.0,0.0
swimming after falling overboard,1,0.0,0,1,0.0,0.0
swimming after falling overboard from the sealing ship vesper,1,0.0,1,0,0.0,1.0
swimming after harpooned whale capsized boat,1,1.0,1,0,1.0,1.0
swimming after his canoe capsized,1,1.0,1,0,1.0,1.0
swimming after his hat,3,3.0,3,0,1.0,1.0
swimming after their boat capsized,1,0.0,0,1,0.0,0.0
swimming along a row of nets,1,0.0,1,0,0.0,1.0
swimming along side n.e.l. vessel saluda,1,0.0,1,0,0.0,1.0
swimming alongside noaa research vessel discoverer,2,0.0,2,0,0.0,1.0
swimming alongside the schooner catherine wilcox,1,0.0,1,0,0.0,1.0
swimming alongside the ss kearsarge,1,1.0,1,0,1.0,1.0
swimming alongside warship   tsingt-ao,1,1.0,1,0,1.0,1.0
swimming alongside yacht mexico fiesta,1,1.0,1,0,1.0,1.0
swimming ashore after launch capsized,1,0.0,1,0,0.0,1.0
swimming ashore from a filibuster,1,1.0,1,0,1.0,1.0
swimming ashore from capsized boat,2,2.0,2,0,1.0,1.0
swimming ashore from fishing boat swamped and sunk by a squall,1,1.0,1,0,1.0,1.0
swimming ashore from swamped 13-ft boat,1,1.0,0,1,1.0,0.0
swimming at edge of channel,1,0.0,1,0,0.0,1.0
swimming at side of small boat,1,1.0,1,0,1.0,1.0
swimming at surface through school of feeding 2.5' to 5’ sharks,1,0.0,1,0,0.0,1.0
swimming back from anchored sailboat,1,1.0,1,0,1.0,1.0
swimming behind sailboat,1,0.0,1,0,0.0,1.0
swimming beside launch,1,0.0,1,0,0.0,1.0
swimming between  anchored  pearling luggers,1,0.0,1,0,0.0,1.0
swimming between boats,1,1.0,1,0,1.0,1.0
swimming breast stoke,1,0.0,1,0,0.0,1.0
swimming close to wharf,1,0.0,1,0,0.0,1.0
swimming crawl stroke,1,1.0,1,0,1.0,1.0
swimming from camp,1,1.0,1,0,1.0,1.0
swimming from capsized boat,1,1.0,1,0,1.0,1.0
swimming from fishing boat setting nets,1,1.0,1,0,1.0,1.0
swimming from foundered vessel,1,1.0,0,1,1.0,0.0
swimming from makeshift raft  to life vest after fishing boat sank,1,0.0,1,0,0.0,1.0
swimming from naptha launch after a day of fishing,1,0.0,1,0,0.0,1.0
swimming from shore to anchored sailboat,1,1.0,1,0,1.0,1.0
swimming from the new venture,2,2.0,0,2,1.0,0.0
swimming in canal,1,0.0,1,0,0.0,1.0
swimming in fish tank,1,0.0,1,0,0.0,1.0
swimming in hip-deep water,1,1.0,1,0,1.0,1.0
swimming in midriver near sewage outlet & 400 m from a slaughterhouse,1,0.0,1,0,0.0,1.0
swimming in strong current with 3 others when he disappeared,1,1.0,1,0,1.0,1.0
swimming in the channel,1,0.0,1,0,0.0,1.0
swimming in waist-deep water,1,1.0,1,0,1.0,1.0
swimming near breakwater,1,0.0,1,0,0.0,1.0
swimming near canoe,1,1.0,1,0,1.0,1.0
swimming near his boat,1,0.0,1,0,0.0,1.0
swimming near jetty,2,0.0,2,0,0.0,1.0
swimming near jetty with 2' piece of wood,1,0.0,1,0,0.0,1.0
swimming near life raft,1,0.0,0,1,0.0,0.0
swimming near pier,1,0.0,1,0,0.0,1.0
swimming near pod of whales,1,0.0,1,0,0.0,1.0
swimming near shore,1,0.0,1,0,0.0,1.0
swimming off yacht,1,1.0,1,0,1.0,1.0
swimming on sandbar adjacent to channel,1,0.0,1,0,0.0,1.0
swimming on surface,1,0.0,1,0,0.0,1.0
swimming or boogie boarding,1,0.0,1,0,0.0,1.0
swimming or paddle boarding,1,0.0,1,0,0.0,1.0
swimming or snorkeling,2,2.0,2,0,1.0,1.0
swimming or surfing,2,0.0,2,0,0.0,1.0
swimming or wading out  to warn bathers that a shark had been seen,1,0.0,1,0,0.0,1.0
swimming out to porpoises,1,0.0,1,0,0.0,1.0
swimming out to rescue swimmers in difficulty,1,1.0,1,0,1.0,1.0
swimming outside fishing net,1,1.0,1,0,1.0,1.0
swimming outside the safety enclosure attempting to retrieve a tennis ball drifting toward midstream,1,0.0,1,0,0.0,1.0
swimming to anchored boat,1,1.0,1,0,1.0,1.0
swimming to avoid capture,1,1.0,1,0,1.0,1.0
swimming to mail boat,1,0.0,1,0,0.0,1.0
swimming to retrieve a flannel,1,1.0,1,0,1.0,1.0
swimming to shore after a squall  capsized their motorized shark fishing boat,1,1.0,0,1,1.0,0.0
swimming to shore after boat capsized by a squall,1,0.0,0,1,0.0,0.0
swimming to shore from boat or kayak,1,1.0,0,1,1.0,0.0
swimming to shore from capsized kayak,1,1.0,1,0,1.0,1.0
swimming to shore from capsized sailboat,1,1.0,0,1,1.0,0.0
swimming to shore from the medic,1,1.0,1,0,1.0,1.0
swimming to shore with floatioon devices after boat engine conked out,1,0.0,1,0,0.0,1.0
swimming underneath house on pilings,1,1.0,1,0,1.0,1.0
swimming underwater from crayfish cage to a fishing bait,1,1.0,1,0,1.0,1.0
swimming vigorously,1,0.0,1,0,0.0,1.0
swimming with board,1,0.0,1,0,0.0,1.0
swimming with boogie board,1,1.0,1,0,1.0,1.0
swimming with dog near canning factory,1,0.0,1,0,0.0,1.0
swimming with dolphins,1,0.0,1,0,0.0,1.0
swimming with goggles,1,1.0,1,0,1.0,1.0
swimming with mask & snorkel,1,0.0,1,0,0.0,1.0
swimming with motor tube,1,0.0,1,0,0.0,1.0
swimming with other crew near wharf,1,0.0,1,0,0.0,1.0
swimming with pod of dolphins,1,0.0,1,0,0.0,1.0
swimming with sharks,1,0.0,1,0,0.0,1.0
swimming with speared fish,1,0.0,1,0,0.0,1.0
"swimming, after boat swamped",1,0.0,1,0,0.0,1.0
"swimming, after falling off towed kneeboard",1,0.0,1,0,0.0,1.0
"swimming, after falling overboard",1,0.0,1,0,0.0,1.0
"swimming, after sailboat capsized",1,1.0,1,0,1.0,1.0
"swimming, after single-engine aircraft went down in the sea",1,0.0,0,1,0.0,0.0
"swimming, attacked at  surf carnival",1,1.0,1,0,1.0,1.0
"swimming, attempting to rescue a girl  believed to be drowning",1,1.0,1,0,1.0,1.0
"swimming, carrying tin can with mail to steamer",1,1.0,1,0,1.0,1.0
"swimming, caught in strong backwash & disappeared",1,0.0,0,1,0.0,0.0
"swimming, ducking for shells in water 0.9 m deep",2,0.0,2,0,0.0,1.0
"swimming, naked",1,0.0,1,0,0.0,1.0
"swimming, poaching abalone",1,1.0,1,0,1.0,1.0
"swimming, poaching perlemoen",1,1.0,1,0,1.0,1.0
"swimming, towing a kayak",1,1.0,1,0,1.0,1.0
"swimming, towing an empty barrel",1,0.0,1,0,0.0,1.0
"swimming, towing surfboard",1,0.0,1,0,0.0,1.0
"swimming, towing the shark",1,0.0,1,0,0.0,1.0
"swimming, using bundles of sticks as raft",1,1.0,1,0,1.0,1.0
"swimming, wearing black wetsuit & swim fins",1,1.0,1,0,1.0,1.0
"swimming, when caught in heavy seas",1,1.0,1,0,1.0,1.0
"swimming. passer-by, len bedford, heard him shriek , saw shark leap from the water & swimmer disappeared",1,1.0,1,0,1.0,1.0
swimming/ treading water,1,0.0,1,0,0.0,1.0
swimming/standing,1,0.0,1,0,0.0,1.0
swimmingq,1,0.0,1,0,0.0,1.0
tagging sharks,4,0.0,4,0,0.0,1.0
taken as he dived into the water,1,1.0,1,0,1.0,1.0
taking boat from california to florida when it ran aground & he was swimming back to boat,1,0.0,1,0,0.0,1.0
taking catch from a fish weir in which the shark was snared,1,0.0,1,0,0.0,1.0
taking wife to beach & about 1 m from the shore,1,1.0,1,0,1.0,1.0
tandem surfing,1,0.0,1,0,0.0,1.0
teasing a shark,2,0.0,2,0,0.0,1.0
tech diving,1,1.0,0,1,1.0,0.0
testing anti-shark cage,1,0.0,1,0,0.0,1.0
"testing classified underwater electronic gear for raytheon corporation, vessel torn apart by explosion",1,0.0,0,1,0.0,0.0
the 168-ton belmore foundered in heavy seas,1,1.0,1,0,1.0,1.0
"the 21,516-ton troopship empress of canada torpedoed and sunk by the italian submarine leonardo da vinci",1,1.0,0,1,1.0,0.0
the 2379-ton french steamer la seyne collied with british steamer onda & sank in minutes. passengers jumped overboard expecting to be picked up by onda’s boats,1,1.0,0,1,1.0,0.0
the 240-ton motor vessel pilar ii with 100 people on board capsized in high winds & rough seas,1,0.0,0,1,0.0,0.0
the 3540-ton alfonso penna was torpedoed & sunk by the italian submarine barbarigo,1,1.0,0,1,1.0,0.0
"the 426-ton cargo ship mia, laden with cement, capsized in heavy seas",1,1.0,0,1,1.0,0.0
the 500-ton coastal trader polurrian foundered,1,1.0,0,1,1.0,0.0
the 6015-ton british ship empire avocet was torpedoed by the german submarine u-125.,1,0.0,0,1,0.0,0.0
the 6711-ton american freighter & troop transport cape san juan was torpedoed by the japanese submarine i-21,1,1.0,0,1,1.0,0.0
the boat caribou ii sank,1,0.0,1,0,0.0,1.0
the british steamer caribbee foundered,1,1.0,0,1,1.0,0.0
"the christie v sank on 11/6/1988, survivors were adrift on a dinghy",2,2.0,0,2,1.0,0.0
the coastwise steamer san basilio capsized in a typhoon,1,1.0,0,1,1.0,0.0
the cuban freighter libertad was torpedoed and sunk by the german submarine u-129,1,1.0,0,1,1.0,0.0
the cutter francis adams foundered,1,0.0,0,1,0.0,0.0
the cutter yacht cutty sark sank,1,0.0,0,1,0.0,0.0
the dwarka foundered,1,1.0,0,1,1.0,0.0
the inter-island ferry vula sank in heavy weather,1,1.0,0,1,1.0,0.0
the mv dona marilyn sank in typhoon unsang with the loss of 389 lives,1,1.0,0,1,1.0,0.0
"the pacquebot laconia, enroute to liverpool with 600 italian prisoners onboard, was torpedoed by the german submarine  u-156 and only 2 rafts were launched before the ship went down. unable to board an overcrowded raft, he was swimming.",1,0.0,0,1,0.0,0.0
the passenger ship kapuna was run down the ore carrier ada melmore,1,1.0,0,1,1.0,0.0
the passenger ship pioneer cebu  capsized & sank in typhoon irma,1,1.0,0,1,1.0,0.0
"the schooner elizabeth, bound from bluefields, nicaragua to the river port of san carlos foundered",1,1.0,1,0,1.0,1.0
the schooner tahitienne foundered in a hurricane,1,1.0,0,1,1.0,0.0
the shrimper loless maurine capsized in heavy seas & the men were swimming ashore,1,1.0,0,1,1.0,0.0
the ss potlach was torpedoed & sunk by the u-153 on 27-jun-1942.,1,1.0,0,1,1.0,0.0
the steamer tahiti collided with the ferry greycliffe,1,1.0,0,1,1.0,0.0
the steamship bonnie dundee lost in collision,1,0.0,0,1,0.0,0.0
the steamships thingvalla and geiser collided,1,1.0,0,1,1.0,0.0
the troopship britannia was sunk by the german raider thor,1,0.0,0,1,0.0,0.0
the uss wahoo torpedoes & sank the japanese troop transport buyo maru,1,1.0,0,1,1.0,0.0
the ward liner esperanza stranded during a gale & she leapt overboard to rescue her dog which had been swept overboard.,1,1.0,1,0,1.0,1.0
"the world liberty and the tanker mosli collided. the  halcyon breeze sent a lifeboat to the rescue, but it was smashed, throwing 6 men in the  water.",1,1.0,0,1,1.0,0.0
"their 9 m launch was run down by a 25,000-ton japanese freighter  on the night of 3-11-1977 & they drifted, clinging to an icebox for 2 days",3,2.0,0,3,0.6666666666666666,0.0
thrashing the water / imitating the shark victim from jaws,1,0.0,1,0,0.0,1.0
thrown from destroyer when shell hit,1,0.0,0,1,0.0,0.0
thrown into water from fishing dinghy,1,0.0,1,0,0.0,1.0
thrown overboard,2,1.0,2,0,0.5,1.0
torpedoed & burning british  light cruiser with a crew of 450 men,1,1.0,0,1,1.0,0.0
touching a shark,1,0.0,1,0,0.0,1.0
touching sharks,1,0.0,1,0,0.0,1.0
touching the mouth of a supposedly dead shark,1,0.0,1,0,0.0,1.0
towing her sister on plastic ski board,1,0.0,1,0,0.0,1.0
towing rubber dinghy,1,1.0,1,0,1.0,1.0
trailing hand in the water,1,0.0,1,0,0.0,1.0
trailing the field in a surf race,1,0.0,1,0,0.0,1.0
transatlantic rowing,2,0.0,0,2,0.0,0.0
traveling by boat,1,1.0,0,1,1.0,0.0
treading for clams,1,0.0,1,0,0.0,1.0
treading water,33,7.0,31,2,0.21212121212121213,0.9393939393939394
treading water after survivng crash of the us navy airship k-74 that was hit by the german submarine u-134,1,1.0,0,1,1.0,0.0
treading water while alongside capsized yacht,1,0.0,1,0,0.0,1.0
"treading water, waiting for a wave",1,1.0,1,0,1.0,1.0
treading water/ surfing,1,0.0,1,0,0.0,1.0
"trochus diving, but floating on surface",1,0.0,1,0,0.0,1.0
trying to catch a wounded bird,1,1.0,1,0,1.0,1.0
"tuna fishing, standing on stern platform that was submerged by waves",1,0.0,1,0,0.0,1.0
"two canoes with 14 aboard blown to sea in a storm. while adrift for 3 week, one person fell overboard and was killed by a shark",1,1.0,0,1,1.0,0.0
"tzenny chandris, a greek freighter laden with scrap iron, foundered in heavy weather",1,1.0,0,1,1.0,0.0
u-177 torpedoed & sank the troopship nova scotia,1,1.0,0,1,1.0,0.0
u.s. airforce c124 enroute from hickham air base to japan went down. the 3 survivors fashioned raft from mailbags  & were rescued 3 days after the crash.,2,1.0,0,2,0.5,0.0
u.s. airforce crewman reported missing after bailing out of jet,1,0.0,0,1,0.0,0.0
underwater photography,1,0.0,1,0,0.0,1.0
unknown,553,92.0,368,181,0.16636528028933092,0.6654611211573237
"unknown, but it was said to be the first known attack in sydney harbour",1,0.0,1,0,0.0,1.0
"unknown, their unoccupied yawlboat was recovered",1,0.0,0,1,0.0,0.0
"uss gambier bay cve-73  shelled & sunk  at 09h57 on 10/24/1944, by japanes fleet enroute to attack the allied landing force at leyte.",1,1.0,0,1,1.0,0.0
uss hoel dd 533 sunk on 10/24/1944 in the battle off samar. 2 crewmen were swimmng alongside a floater net &,1,1.0,0,1,1.0,0.0
uss johnston dd 557 sunk on 10/24/1944 in the battle off samara. crewmen were swimming beside a raft.,1,1.0,0,1,1.0,0.0
vehicle plunged over cliff into the water,1,0.0,0,1,0.0,0.0
"vessel capsized, wading ashore carrying an oar",1,1.0,1,0,1.0,1.0
"vessel caught fire & capsized, survivors in the water",1,1.0,0,1,1.0,0.0
wade fishing,7,0.0,7,0,0.0,1.0
wade-fishing,2,0.0,2,0,0.0,1.0
wading,167,13.0,156,11,0.07784431137724551,0.9341317365269461
wading & pushing dinghy toward  the shallows,1,0.0,1,0,0.0,1.0
wading (shrimping),1,1.0,1,0,1.0,1.0
wading / fishing & carrying a bag of fish,1,0.0,1,0,0.0,1.0
wading / surfing,1,0.0,1,0,0.0,1.0
wading after stray fish from seine netter’s catch,1,1.0,1,0,1.0,1.0
wading in school of baitfish,1,0.0,1,0,0.0,1.0
wading near a fishing net,1,0.0,1,0,0.0,1.0
wading or swimming,1,0.0,1,0,0.0,1.0
"wading to dinghy, carrying his son",1,0.0,1,0,0.0,1.0
wading to shore after surfing,1,0.0,1,0,0.0,1.0
wading to shore from his boat,1,1.0,1,0,1.0,1.0
wading with surfboard,1,0.0,1,0,0.0,1.0
"wading, fishing for flounder",1,0.0,1,0,0.0,1.0
"wading, knocked down & swept away by large waves",1,0.0,0,1,0.0,0.0
"wading, netting fish",1,0.0,1,0,0.0,1.0
"wading, when he stepped on the shark",1,0.0,1,0,0.0,1.0
wading?,1,0.0,1,0,0.0,1.0
wakeboarding,1,0.0,1,0,0.0,1.0
walking,17,2.0,15,2,0.11764705882352941,0.8823529411764706
walking / surfing,1,0.0,1,0,0.0,1.0
walking in chest-deep water,1,0.0,1,0,0.0,1.0
walking in shallows,1,0.0,1,0,0.0,1.0
walking in surf,1,0.0,1,0,0.0,1.0
walking on reef,1,0.0,1,0,0.0,1.0
walking out of the water after surfing,3,0.0,3,0,0.0,1.0
"walking, carrying surfboard & stepped on shark",1,0.0,1,0,0.0,1.0
washed into sea while picking opihi,1,0.0,0,1,0.0,0.0
washed into sea while picking opihi & attacked by 2 large sharks,1,1.0,1,0,1.0,1.0
washed off catamaran in the surf,1,1.0,1,0,1.0,1.0
washed off freighter huncliff by a freak wave,1,1.0,1,0,1.0,1.0
washed off raft,1,1.0,0,1,1.0,0.0
washed overboard,1,1.0,1,0,1.0,1.0
washed overboard by swell,1,1.0,1,0,1.0,1.0
washed overboard from the barque mary eady,1,1.0,1,0,1.0,1.0
washed overboard into school of fish,1,0.0,1,0,0.0,1.0
washing,2,2.0,2,0,1.0,1.0
washing a dog,1,1.0,1,0,1.0,1.0
washing clothes,1,0.0,1,0,0.0,1.0
washing clothes on stairs,1,0.0,1,0,0.0,1.0
washing cooking pans,1,0.0,1,0,0.0,1.0
washing hands,1,0.0,1,0,0.0,1.0
washing his feet,2,2.0,2,0,1.0,1.0
washing horses,1,1.0,1,0,1.0,1.0
washing sand off a speared fish,1,0.0,1,0,0.0,1.0
watching seals,1,0.0,0,1,0.0,0.0
"watching seine netters with friends, one of whom picked up a netted shark",1,0.0,1,0,0.0,1.0
watching the sardine run,1,0.0,0,1,0.0,0.0
watching the shark feeding on a dead pinniped,1,0.0,0,1,0.0,0.0
water-skiing,1,0.0,1,0,0.0,1.0
watercraft,4,1.0,4,0,0.25,1.0
went over side of boat at trochus ground,1,1.0,1,0,1.0,1.0
went to aid of child being menaced by the shark,1,0.0,1,0,0.0,1.0
"when  a deckhand  jumped overboard, mciver dived after him with a rescue line.",1,1.0,1,0,1.0,1.0
wind surfing,1,0.0,1,0,0.0,1.0
windsurfing,20,4.0,20,0,0.2,1.0
windsurfing (urinating on his board),1,0.0,1,0,0.0,1.0
"windsurfing, but sitting on his board",1,0.0,1,0,0.0,1.0
wing foil surfing,2,0.0,2,0,0.0,1.0
working near fish traps,1,1.0,1,0,1.0,1.0
working on the bridge when he fell into the river,1,1.0,1,0,1.0,1.0
working prawn net,1,0.0,1,0,0.0,1.0
wrangling a shark,1,0.0,1,0,0.0,1.0
wreck / technical diving,1,1.0,0,1,1.0,0.0
wreck of a sampam,1,1.0,0,1,1.0,0.0
wreck of the 1308-ton norwegian ship auckland,1,1.0,0,1,1.0,0.0
wreck of the 150-ton brig maria,1,1.0,0,1,1.0,0.0
wreck of the 1689-ton portuguese  coaster angoche,1,1.0,0,1,1.0,0.0
wreck of the aphrodite,1,1.0,0,1,1.0,0.0
wreck of the schooner driver,1,1.0,0,1,1.0,0.0
wreck of the schooner pohoiki,3,1.0,0,3,0.3333333333333333,0.0
wreck of the sovereign,1,0.0,0,1,0.0,0.0
wreck of the state oil company ship permina,1,1.0,0,1,1.0,0.0
wreck of the steamship birkenhead,1,1.0,0,1,1.0,0.0
wreck of the steamship sultan of bombay,1,1.0,0,1,1.0,0.0
wreck of the storm king,1,0.0,0,1,0.0,0.0
wreck of the tug magellan,1,1.0,1,0,1.0,1.0
wreck of the tweed,1,1.0,0,1,1.0,0.0
wreck of the union steamship company 982-ton iron steamer kafir,1,1.0,0,1,1.0,0.0
wreck of the uss somers,1,1.0,0,1,1.0,0.0
"yacht gooney bird foundered, 4 survivors on raft",1,0.0,0,1,0.0,0.0
yacht of michael howell capsized,1,1.0,0,1,1.0,0.0
yacht race,1,0.0,0,1,0.0,0.0
yacht trashman capsized in storm,1,0.0,0,1,0.0,0.0
yachting accident,1,1.0,0,1,1.0,0.0
"zosimo & his son, jeffrey popa, failed to return from overnight fishing trip in a 14' boat, boat apparently sank, debris recovered but his son & boat were never found",1,0.0,0,1,0.0,0.0
